segment_id,center_lat,center_lon,road_type,hour_of_day,day_of_week,is_rush_hour,is_weekend,free_flow_speed_kmh,current_speed_kmh,congestion_ratio,traffic_level,incident_reported,avg_vehicle_count_per_min,timestamp
SEG-81657,39.737945,37.358815,highway,2,6,0,1,56.1,52.7,0.06,low,0,14.1,2025-05-22 08:00:00
SEG-39684,39.287276,36.962899,rural,14,2,0,0,49.0,43.9,0.103,low,0,27.6,2025-06-10 20:00:00
SEG-86253,39.425919,36.959016,mountain,13,4,0,0,66.4,54.2,0.184,low,0,16.7,2025-03-21 19:00:00
SEG-87116,39.758186,37.028697,rural,9,5,1,1,82.5,67.5,0.182,moderate,0,24.2,2025-01-13 15:00:00
SEG-72620,39.266388,37.168218,rural,23,4,0,0,67.6,41.9,0.379,high,0,27.9,2025-06-28 05:00:00
SEG-88119,39.226693,36.868033,mountain,15,0,0,0,49.6,42.4,0.145,low,0,9.8,2025-04-16 21:00:00
SEG-17315,39.785519,37.188571,mountain,3,4,0,0,60.5,43.3,0.285,high,0,1.9,2025-06-02 09:00:00
SEG-16154,39.593638,37.14344,rural,4,2,0,0,57.1,45.9,0.197,low,0,30.0,2025-06-24 10:00:00
SEG-63799,39.71911,37.27131,highway,23,6,0,1,59.0,52.3,0.113,moderate,0,13.4,2025-02-12 05:00:00
SEG-54553,39.208613,37.274302,highway,9,2,1,0,49.7,25.3,0.491,congested,0,23.6,2025-03-20 15:00:00
SEG-27151,39.660803,37.378855,urban,6,6,0,1,55.4,51.1,0.078,moderate,0,11.4,2025-04-14 12:00:00
SEG-17103,39.725531,37.269967,highway,20,1,0,0,73.9,53.1,0.282,moderate,0,10.4,2025-06-06 02:00:00
SEG-25520,39.408214,37.355211,urban,0,5,0,1,85.2,75.4,0.115,low,0,5.8,2025-04-26 06:00:00
SEG-90382,39.456909,37.328813,highway,22,5,0,1,53.2,46.8,0.12,moderate,0,3.6,2025-02-16 04:00:00
SEG-79914,39.368558,37.390096,mountain,2,2,0,0,83.8,75.2,0.102,moderate,0,0.7,2025-05-18 08:00:00
SEG-26757,39.209008,37.084751,urban,16,3,0,0,53.7,41.5,0.227,high,0,5.6,2025-06-02 22:00:00
SEG-44487,39.729487,37.015019,urban,0,6,0,1,39.1,32.4,0.173,moderate,0,13.0,2025-02-07 06:00:00
SEG-54846,39.638268,37.351713,urban,1,1,0,0,57.0,38.8,0.32,moderate,0,21.0,2025-04-09 07:00:00
SEG-58299,39.719839,37.119374,rural,14,4,0,0,44.5,39.5,0.113,low,0,5.7,2025-02-02 20:00:00
SEG-16179,39.274044,37.134495,highway,7,4,1,0,42.7,20.3,0.524,congested,0,13.2,2025-03-20 13:00:00
SEG-24601,39.591693,36.971124,urban,14,2,0,0,71.8,64.9,0.096,low,0,5.0,2025-04-25 20:00:00
SEG-69080,39.37128,37.12236,mountain,23,5,0,1,88.4,82.8,0.064,low,0,12.2,2025-02-23 05:00:00
SEG-35117,39.345738,36.976082,mountain,20,5,0,1,72.0,64.6,0.102,low,0,24.7,2025-05-03 02:00:00
SEG-42366,39.412178,36.807569,highway,17,0,1,0,76.1,32.0,0.58,congested,0,21.6,2025-02-19 23:00:00
SEG-44965,39.21992,37.165328,urban,7,2,1,0,70.3,38.8,0.449,high,0,7.3,2025-03-20 13:00:00
SEG-61948,39.207089,37.314703,mountain,22,6,0,1,64.4,52.9,0.179,low,0,9.0,2025-01-19 04:00:00
SEG-44295,39.705536,37.007204,rural,5,2,0,0,37.8,34.8,0.079,moderate,0,24.9,2025-02-23 11:00:00
SEG-82413,39.69167,37.327405,highway,22,0,0,0,53.3,43.5,0.183,moderate,1,20.7,2025-06-22 04:00:00
SEG-96647,39.392299,37.18619,rural,3,1,0,0,57.6,53.9,0.064,high,0,22.2,2025-06-09 09:00:00
SEG-50117,39.540739,37.055351,rural,18,4,1,0,56.0,25.0,0.553,high,0,21.2,2025-05-04 00:00:00
SEG-88409,39.262792,37.303847,mountain,21,1,0,0,37.8,25.7,0.319,low,0,5.7,2025-02-04 03:00:00
SEG-41230,39.742735,37.298985,highway,20,1,0,0,61.5,40.4,0.343,low,0,3.8,2025-06-16 02:00:00
SEG-32597,39.595719,37.099982,highway,12,6,0,1,31.0,30.3,0.024,low,0,16.9,2025-02-24 18:00:00
SEG-12133,39.30067,36.872676,highway,3,0,0,0,33.0,21.8,0.338,low,0,11.9,2025-04-22 09:00:00
SEG-98701,39.427641,36.827186,mountain,0,4,0,0,78.9,63.8,0.191,high,0,4.1,2025-05-21 06:00:00
SEG-40832,39.250167,36.977283,rural,11,3,0,0,75.8,53.1,0.299,high,0,19.7,2025-06-14 17:00:00
SEG-35557,39.766043,37.15378,rural,1,6,0,1,53.8,47.6,0.116,low,0,26.1,2025-05-31 07:00:00
SEG-69905,39.389835,37.205769,mountain,3,0,0,0,20.3,17.4,0.143,low,0,0.6,2025-03-13 09:00:00
SEG-16039,39.766075,37.371498,mountain,18,3,1,0,50.6,21.4,0.578,high,0,27.0,2025-04-11 00:00:00
SEG-21835,39.453249,36.855217,urban,0,5,0,1,47.5,41.5,0.126,low,0,0.5,2025-04-25 06:00:00
SEG-15499,39.524992,36.860343,highway,19,6,1,1,84.6,77.7,0.082,moderate,0,17.1,2025-02-20 01:00:00
SEG-30880,39.457938,37.128941,mountain,9,4,1,0,29.9,16.7,0.44,congested,0,23.7,2025-05-16 15:00:00
SEG-79355,39.340448,37.060069,mountain,17,4,1,0,82.8,47.2,0.43,congested,0,2.6,2025-01-08 23:00:00
SEG-59421,39.422597,37.154817,highway,5,2,0,0,51.7,32.5,0.373,moderate,0,7.5,2025-01-06 11:00:00
SEG-59825,39.765961,36.879621,highway,22,6,0,1,89.2,79.4,0.109,low,0,2.8,2025-01-03 04:00:00
SEG-57344,39.656631,37.388239,rural,18,2,1,0,85.4,58.3,0.318,congested,0,29.2,2025-02-01 00:00:00
SEG-60475,39.476342,37.074151,urban,22,0,0,0,67.0,43.4,0.352,moderate,0,3.3,2025-06-23 04:00:00
SEG-28057,39.678341,37.186989,mountain,4,2,0,0,26.4,22.5,0.151,moderate,0,5.3,2025-06-04 10:00:00
SEG-58030,39.765815,37.00056,rural,18,0,1,0,51.4,33.1,0.357,congested,0,3.6,2025-05-23 00:00:00
SEG-10378,39.407967,36.976189,urban,15,6,0,1,78.5,67.8,0.136,low,0,26.2,2025-05-08 21:00:00
SEG-54849,39.698303,37.226184,mountain,0,5,0,1,23.5,21.8,0.074,low,0,2.1,2025-02-13 06:00:00
SEG-53004,39.326763,36.881607,rural,15,1,0,0,55.2,50.9,0.078,high,1,3.1,2025-05-14 21:00:00
SEG-41505,39.59117,37.347448,highway,16,1,0,0,31.3,21.6,0.308,moderate,0,12.9,2025-04-10 22:00:00
SEG-83722,39.764959,37.125347,highway,11,0,0,0,53.7,33.3,0.379,moderate,0,17.4,2025-01-01 17:00:00
SEG-20599,39.566251,37.306304,highway,3,6,0,1,66.0,56.9,0.137,moderate,0,7.2,2025-04-23 09:00:00
SEG-87810,39.231944,37.141707,rural,6,0,0,0,22.3,13.9,0.375,moderate,0,0.6,2025-05-04 12:00:00
SEG-83632,39.353855,37.220397,rural,20,0,0,0,81.4,65.2,0.199,moderate,0,7.2,2025-06-16 02:00:00
SEG-55169,39.28451,37.140492,urban,14,3,0,0,61.5,49.2,0.199,moderate,0,8.7,2025-05-01 20:00:00
SEG-28514,39.659595,37.048052,mountain,23,0,0,0,87.2,76.5,0.122,high,0,9.7,2025-05-19 05:00:00
SEG-30149,39.249585,37.341018,rural,23,6,0,1,25.0,21.2,0.148,low,0,20.1,2025-04-15 05:00:00
SEG-57178,39.333067,36.909906,mountain,14,2,0,0,34.9,31.7,0.091,high,0,23.0,2025-03-03 20:00:00
SEG-67071,39.402437,37.351038,highway,13,4,0,0,24.2,21.9,0.098,high,0,13.7,2025-05-31 19:00:00
SEG-33183,39.528772,37.393836,rural,8,2,1,0,85.2,46.9,0.449,congested,0,11.8,2025-06-11 14:00:00
SEG-68239,39.781428,36.978749,rural,4,4,0,0,23.3,16.7,0.283,moderate,0,12.1,2025-04-25 10:00:00
SEG-11275,39.571925,37.011464,highway,11,3,0,0,31.2,24.9,0.202,high,0,10.3,2025-03-25 17:00:00
SEG-23332,39.264284,37.096031,urban,22,2,0,0,71.1,59.3,0.167,high,0,3.0,2025-01-27 04:00:00
SEG-53061,39.47762,37.104506,rural,12,0,0,0,62.1,52.2,0.16,low,0,13.6,2025-04-10 18:00:00
SEG-40645,39.23239,37.221618,rural,5,5,0,1,21.7,20.4,0.057,moderate,0,28.0,2025-06-28 11:00:00
SEG-84172,39.764298,37.209553,rural,0,0,0,0,66.7,44.3,0.336,moderate,0,2.3,2025-02-10 06:00:00
SEG-33998,39.715959,37.255728,rural,22,0,0,0,25.5,16.3,0.361,low,0,19.8,2025-06-26 04:00:00
SEG-23093,39.55292,37.064093,mountain,19,2,1,0,22.2,10.8,0.515,congested,0,25.4,2025-04-30 01:00:00
SEG-40225,39.556976,36.82971,highway,11,5,0,1,72.0,67.3,0.065,low,1,29.5,2025-03-15 17:00:00
SEG-10393,39.774436,37.173224,rural,9,6,1,1,70.5,59.3,0.159,low,0,28.2,2025-02-24 15:00:00
SEG-92163,39.457045,37.103889,highway,22,6,0,1,39.9,32.5,0.186,moderate,0,29.7,2025-03-29 04:00:00
SEG-58994,39.7283,37.16996,rural,5,4,0,0,45.1,39.1,0.134,low,0,11.2,2025-01-19 11:00:00
SEG-62138,39.219955,37.044534,mountain,15,4,0,0,85.8,51.9,0.395,low,0,27.3,2025-05-21 21:00:00
SEG-41671,39.235274,37.128041,mountain,22,3,0,0,53.4,32.9,0.385,high,0,21.0,2025-02-03 04:00:00
SEG-59147,39.629994,37.37385,urban,21,1,0,0,59.9,42.0,0.299,high,1,12.1,2025-04-29 03:00:00
SEG-55605,39.426186,37.30884,highway,5,2,0,0,43.0,29.1,0.324,high,0,6.8,2025-04-08 11:00:00
SEG-34087,39.387862,36.878005,highway,12,1,0,0,40.0,30.4,0.239,moderate,0,20.0,2025-05-27 18:00:00
SEG-14187,39.621474,36.889671,highway,7,2,1,0,43.2,18.5,0.571,high,0,26.8,2025-06-23 13:00:00
SEG-76903,39.227837,36.946571,rural,20,6,0,1,87.1,79.4,0.089,moderate,0,5.0,2025-01-31 02:00:00
SEG-98911,39.253032,37.035549,rural,7,6,1,1,29.5,29.1,0.014,moderate,0,27.7,2025-04-27 13:00:00
SEG-84133,39.40045,37.325874,urban,18,4,1,0,75.3,42.4,0.437,congested,0,18.0,2025-06-02 00:00:00
SEG-97954,39.66264,36.987011,urban,12,0,0,0,36.2,32.4,0.105,moderate,0,26.6,2025-02-06 18:00:00
SEG-88097,39.474544,37.012234,urban,5,0,0,0,37.9,35.8,0.056,low,1,13.6,2025-01-24 11:00:00
SEG-66550,39.680692,37.305112,urban,7,5,1,1,72.6,58.2,0.199,low,0,24.0,2025-06-19 13:00:00
SEG-10560,39.30255,37.011543,rural,16,6,0,1,28.7,26.3,0.085,moderate,0,13.3,2025-01-29 22:00:00
SEG-51018,39.50188,36.926862,mountain,11,2,0,0,58.5,36.8,0.371,high,0,14.4,2025-06-30 17:00:00
SEG-40976,39.614439,37.029032,mountain,16,0,0,0,69.6,60.1,0.137,moderate,0,24.3,2025-06-04 22:00:00
SEG-72861,39.714848,36.840301,urban,12,4,0,0,86.0,66.9,0.222,high,0,8.6,2025-03-21 18:00:00
SEG-10159,39.71974,37.194414,highway,16,1,0,0,31.8,27.4,0.136,low,0,6.8,2025-03-17 22:00:00
SEG-21623,39.521993,37.175163,rural,7,1,1,0,66.4,29.6,0.553,congested,0,29.6,2025-06-17 13:00:00
SEG-57173,39.326854,36.879007,urban,23,6,0,1,56.7,46.6,0.178,moderate,0,20.4,2025-06-11 05:00:00
SEG-29564,39.640872,36.876548,urban,20,1,0,0,88.5,61.7,0.303,high,0,4.4,2025-04-24 02:00:00
SEG-15430,39.498816,37.310292,urban,4,5,0,1,81.3,69.0,0.151,low,0,12.8,2025-01-13 10:00:00
SEG-67667,39.444295,37.037524,mountain,0,5,0,1,88.9,72.1,0.189,low,0,12.2,2025-05-30 06:00:00
SEG-88409,39.257572,37.122361,highway,4,6,0,1,25.0,20.1,0.195,low,0,26.6,2025-06-25 10:00:00
SEG-86289,39.786968,36.844417,urban,9,3,1,0,80.6,33.2,0.588,high,0,23.7,2025-03-09 15:00:00
SEG-31260,39.348765,37.379217,urban,17,6,1,1,39.3,36.3,0.076,moderate,0,24.1,2025-02-21 23:00:00
SEG-64746,39.763332,37.05188,mountain,0,4,0,0,23.9,17.7,0.258,moderate,0,22.7,2025-01-11 06:00:00
SEG-57404,39.429899,37.220256,highway,4,0,0,0,59.9,52.8,0.119,moderate,0,9.0,2025-03-07 10:00:00
SEG-34715,39.380302,36.821707,urban,13,3,0,0,88.6,74.4,0.16,high,0,10.6,2025-03-19 19:00:00
SEG-66864,39.588334,37.026157,highway,14,1,0,0,29.1,19.2,0.341,low,0,29.1,2025-03-07 20:00:00
SEG-44937,39.329865,37.046561,urban,4,6,0,1,71.7,70.9,0.012,moderate,0,15.7,2025-05-12 10:00:00
SEG-91628,39.581739,37.372976,mountain,17,5,1,1,54.5,54.4,0.003,low,0,7.6,2025-03-21 23:00:00
SEG-36347,39.744464,37.226729,rural,21,4,0,0,60.0,44.0,0.267,low,0,26.7,2025-03-15 03:00:00
SEG-39479,39.768341,37.384465,urban,5,2,0,0,66.7,48.5,0.272,low,0,6.5,2025-01-09 11:00:00
SEG-63171,39.68535,36.944531,highway,2,5,0,1,78.4,76.0,0.03,moderate,0,21.7,2025-04-05 08:00:00
SEG-69445,39.71814,37.267017,mountain,12,5,0,1,59.5,50.8,0.146,moderate,0,26.9,2025-03-10 18:00:00
SEG-67224,39.633047,37.365645,rural,20,2,0,0,86.3,62.7,0.274,low,0,29.7,2025-03-12 02:00:00
SEG-66479,39.435816,37.358716,urban,19,6,1,1,55.2,54.8,0.008,low,0,4.2,2025-02-16 01:00:00
SEG-76590,39.405955,37.021963,highway,17,5,1,1,83.6,76.4,0.085,moderate,0,6.0,2025-04-13 23:00:00
SEG-33818,39.557567,36.993858,highway,11,4,0,0,46.7,33.0,0.294,moderate,0,7.6,2025-04-27 17:00:00
SEG-44825,39.722069,36.96571,urban,7,2,1,0,74.4,42.9,0.423,high,0,28.0,2025-03-15 13:00:00
SEG-64454,39.231583,37.200619,highway,8,5,1,1,58.1,48.8,0.161,low,0,9.8,2025-03-21 14:00:00
SEG-39622,39.328095,37.285756,highway,14,4,0,0,48.9,40.6,0.17,moderate,0,20.6,2025-01-05 20:00:00
SEG-31890,39.217993,37.18737,urban,23,0,0,0,54.7,43.0,0.214,moderate,0,2.8,2025-05-22 05:00:00
SEG-33097,39.46798,37.34969,mountain,17,2,1,0,42.3,19.6,0.537,congested,0,15.4,2025-04-28 23:00:00
SEG-94255,39.355857,37.306485,urban,20,5,0,1,54.9,45.1,0.178,low,0,28.0,2025-06-24 02:00:00
SEG-70660,39.215189,37.117422,mountain,10,5,0,1,77.4,65.4,0.155,moderate,0,13.2,2025-06-24 16:00:00
SEG-16113,39.394348,36.91298,rural,14,0,0,0,27.8,25.5,0.081,high,0,24.5,2025-05-18 20:00:00
SEG-14766,39.237729,37.356543,highway,11,2,0,0,65.4,54.3,0.17,low,0,14.8,2025-06-24 17:00:00
SEG-25717,39.306909,36.876814,mountain,9,1,1,0,42.4,25.4,0.401,high,1,9.4,2025-05-27 15:00:00
SEG-74798,39.61538,36.874051,urban,6,6,0,1,47.9,46.0,0.039,low,0,6.4,2025-02-20 12:00:00
SEG-13511,39.42685,37.007518,urban,22,1,0,0,56.3,41.5,0.263,high,0,19.1,2025-05-06 04:00:00
SEG-99507,39.670456,37.006382,urban,23,2,0,0,87.6,63.4,0.277,high,0,4.9,2025-02-09 05:00:00
SEG-89087,39.583962,37.262515,urban,14,1,0,0,69.0,46.0,0.333,high,1,11.2,2025-05-02 20:00:00
SEG-65944,39.614714,37.296983,highway,7,6,1,1,44.8,37.0,0.174,moderate,0,29.2,2025-05-01 13:00:00
SEG-25832,39.438258,37.344439,urban,17,3,1,0,23.2,10.6,0.544,congested,0,6.4,2025-01-10 23:00:00
SEG-39132,39.259202,37.094835,urban,4,3,0,0,27.0,22.3,0.174,high,0,28.9,2025-05-07 10:00:00
SEG-62761,39.599732,37.305089,mountain,13,5,0,1,73.3,66.5,0.093,moderate,0,13.6,2025-03-09 19:00:00
SEG-76631,39.278614,36.925892,highway,6,5,0,1,88.8,73.5,0.172,low,0,22.8,2025-03-16 12:00:00
SEG-33414,39.352254,36.892381,rural,17,5,1,1,80.1,73.1,0.087,low,0,11.6,2025-06-08 23:00:00
SEG-42065,39.795742,37.00252,highway,11,5,0,1,23.5,20.6,0.122,moderate,0,3.9,2025-01-15 17:00:00
SEG-97687,39.362934,37.210205,rural,15,2,0,0,27.3,18.7,0.317,moderate,0,17.0,2025-03-20 21:00:00
SEG-60510,39.663302,37.191921,urban,10,1,0,0,20.9,17.4,0.169,low,0,2.2,2025-03-15 16:00:00
SEG-46287,39.598382,36.937543,mountain,23,3,0,0,66.0,48.5,0.265,moderate,1,9.9,2025-05-27 05:00:00
SEG-19439,39.243633,36.904568,highway,20,5,0,1,24.7,20.2,0.183,moderate,0,27.6,2025-03-30 02:00:00
SEG-87454,39.397969,36.962972,rural,18,5,1,1,26.4,24.9,0.056,low,0,15.2,2025-02-18 00:00:00
SEG-97380,39.236119,37.282057,highway,4,0,0,0,37.8,28.4,0.248,low,0,26.1,2025-05-08 10:00:00
SEG-41935,39.257656,37.237378,mountain,2,1,0,0,41.5,38.6,0.071,high,0,18.8,2025-04-29 08:00:00
SEG-19724,39.519188,37.18836,urban,12,0,0,0,59.6,46.7,0.217,low,0,26.8,2025-03-01 18:00:00
SEG-70343,39.247942,37.161165,rural,5,1,0,0,50.6,37.3,0.264,low,0,28.9,2025-05-17 11:00:00
SEG-92701,39.572982,37.189249,rural,13,2,0,0,36.6,30.1,0.177,low,0,18.3,2025-06-11 19:00:00
SEG-93484,39.661978,36.997289,rural,6,0,0,0,86.8,72.5,0.165,high,0,4.2,2025-01-12 12:00:00
SEG-45689,39.295124,37.151656,rural,11,6,0,1,21.6,18.8,0.13,moderate,0,14.0,2025-03-14 17:00:00
SEG-50130,39.487963,37.22658,rural,0,1,0,0,49.5,39.4,0.204,moderate,0,23.0,2025-05-08 06:00:00
SEG-65022,39.440548,37.143438,urban,18,3,1,0,84.6,56.3,0.335,high,0,10.8,2025-06-27 00:00:00
SEG-38913,39.794365,36.954159,mountain,10,0,0,0,21.6,14.8,0.315,moderate,0,17.9,2025-04-09 16:00:00
SEG-93229,39.785031,37.139028,rural,19,1,1,0,87.4,46.5,0.468,high,0,21.0,2025-02-28 01:00:00
SEG-55844,39.392658,36.829727,highway,11,4,0,0,52.6,31.7,0.397,moderate,0,5.3,2025-04-16 17:00:00
SEG-90179,39.604653,37.05594,mountain,7,0,1,0,79.7,46.6,0.416,congested,0,8.8,2025-06-18 13:00:00
SEG-39020,39.460775,36.979122,rural,10,6,0,1,38.3,37.6,0.02,moderate,0,23.7,2025-03-20 16:00:00
SEG-46148,39.567192,37.037313,mountain,19,4,1,0,37.1,21.6,0.418,congested,0,17.5,2025-03-12 01:00:00
SEG-29150,39.726244,36.958277,urban,16,6,0,1,67.3,62.7,0.069,low,1,10.2,2025-04-18 22:00:00
SEG-94219,39.276982,37.23377,rural,23,1,0,0,89.2,74.4,0.166,high,0,5.2,2025-01-04 05:00:00
SEG-15682,39.798624,37.256149,mountain,14,1,0,0,24.3,16.0,0.339,moderate,0,27.0,2025-05-13 20:00:00
SEG-26470,39.408649,36.972239,highway,22,6,0,1,48.9,42.4,0.133,low,0,1.8,2025-03-14 04:00:00
SEG-17157,39.540011,37.308954,highway,12,0,0,0,30.4,24.7,0.186,high,0,22.3,2025-04-02 18:00:00
SEG-56692,39.263982,37.267271,mountain,6,5,0,1,80.5,69.7,0.133,moderate,0,17.7,2025-06-10 12:00:00
SEG-85191,39.606524,37.082812,urban,0,4,0,0,85.8,80.6,0.06,low,0,8.2,2025-04-03 06:00:00
SEG-39205,39.53153,36.913492,rural,22,2,0,0,47.8,32.4,0.323,low,1,6.5,2025-02-17 04:00:00
SEG-50635,39.314296,37.044437,mountain,21,5,0,1,29.5,28.7,0.028,low,0,8.3,2025-02-24 03:00:00
SEG-80814,39.593614,36.81123,highway,7,5,1,1,51.6,47.2,0.084,moderate,1,23.8,2025-06-16 13:00:00
SEG-16569,39.388276,37.224708,urban,4,4,0,0,80.2,58.8,0.266,high,0,19.8,2025-06-15 10:00:00
SEG-49596,39.597599,37.092377,urban,9,0,1,0,52.6,24.0,0.544,high,0,2.2,2025-02-28 15:00:00
SEG-46743,39.521937,37.274825,mountain,11,0,0,0,31.4,27.8,0.115,high,0,5.8,2025-03-28 17:00:00
SEG-91737,39.6379,37.252335,urban,5,1,0,0,34.1,26.6,0.218,low,1,1.0,2025-03-26 11:00:00
SEG-35856,39.440764,37.394904,rural,6,1,0,0,81.4,55.4,0.32,low,0,13.5,2025-06-27 12:00:00
SEG-28611,39.273713,37.340542,mountain,14,2,0,0,85.3,51.5,0.396,moderate,0,10.7,2025-03-22 20:00:00
SEG-32680,39.349474,37.249036,urban,5,2,0,0,64.9,43.7,0.326,low,0,16.9,2025-03-08 11:00:00
SEG-16116,39.689639,36.902376,urban,0,1,0,0,39.0,35.9,0.079,low,0,14.0,2025-05-29 06:00:00
SEG-96758,39.6857,37.278298,urban,0,0,0,0,51.8,34.0,0.343,low,0,26.5,2025-01-15 06:00:00
SEG-23315,39.463608,37.327204,mountain,13,6,0,1,38.1,37.2,0.023,moderate,0,20.9,2025-03-24 19:00:00
SEG-44564,39.694904,37.048352,highway,19,6,1,1,78.3,77.3,0.013,low,0,19.4,2025-03-01 01:00:00
SEG-76294,39.522094,37.352299,highway,4,6,0,1,67.4,62.4,0.074,moderate,0,9.8,2025-01-11 10:00:00
SEG-43386,39.681599,37.15096,urban,22,2,0,0,47.0,40.6,0.135,moderate,0,14.8,2025-06-11 04:00:00
SEG-16179,39.312576,37.144042,highway,2,6,0,1,33.0,27.3,0.174,low,0,29.0,2025-01-11 08:00:00
SEG-16553,39.341424,37.007993,highway,22,4,0,0,49.1,45.3,0.079,high,0,2.0,2025-05-06 04:00:00
SEG-91189,39.374809,36.821632,rural,20,1,0,0,61.9,44.8,0.277,high,0,5.8,2025-03-24 02:00:00
SEG-60831,39.641131,37.33844,rural,3,3,0,0,27.1,18.0,0.339,moderate,0,16.9,2025-02-16 09:00:00
SEG-99014,39.29813,37.01643,rural,9,1,1,0,30.1,15.4,0.487,congested,0,8.2,2025-06-15 15:00:00
SEG-36523,39.4295,37.374868,rural,6,5,0,1,71.5,67.1,0.062,low,0,13.6,2025-01-05 12:00:00
SEG-45515,39.38284,37.304371,mountain,15,4,0,0,61.9,57.2,0.077,low,1,5.4,2025-04-06 21:00:00
SEG-34833,39.56831,37.026514,mountain,16,5,0,1,44.5,41.0,0.078,moderate,0,18.9,2025-02-16 22:00:00
SEG-64278,39.438357,37.180797,urban,6,1,0,0,86.3,69.9,0.191,moderate,0,13.8,2025-05-08 12:00:00
SEG-62345,39.484499,37.276874,rural,5,2,0,0,59.7,36.2,0.394,low,0,4.7,2025-06-04 11:00:00
SEG-25338,39.280293,37.192472,highway,18,5,1,1,84.9,70.5,0.17,moderate,0,26.0,2025-04-17 00:00:00
SEG-40486,39.33102,36.890981,mountain,10,2,0,0,73.0,61.7,0.155,moderate,0,20.2,2025-02-09 16:00:00
SEG-15602,39.587452,36.903416,mountain,19,5,1,1,40.8,38.8,0.047,low,0,10.4,2025-03-09 01:00:00
SEG-24020,39.574101,36.816241,urban,21,4,0,0,43.8,29.2,0.332,high,0,22.9,2025-01-12 03:00:00
SEG-33170,39.226166,37.144338,urban,7,5,1,1,79.9,64.9,0.187,low,0,25.0,2025-01-20 13:00:00
SEG-81229,39.423268,36.977644,mountain,21,0,0,0,69.8,55.0,0.212,moderate,0,29.7,2025-03-19 03:00:00
SEG-61047,39.736178,36.862389,rural,18,0,1,0,57.2,27.4,0.521,high,0,22.6,2025-06-23 00:00:00
SEG-67965,39.200576,37.276767,mountain,5,4,0,0,85.0,78.2,0.08,moderate,0,9.8,2025-03-25 11:00:00
SEG-50736,39.665563,37.375858,highway,20,3,0,0,39.7,35.9,0.095,high,0,21.9,2025-02-26 02:00:00
SEG-33467,39.377717,36.908176,highway,19,1,1,0,70.0,37.2,0.469,high,0,1.0,2025-06-27 01:00:00
SEG-46884,39.238378,36.970593,mountain,19,2,1,0,57.2,36.6,0.361,high,0,27.6,2025-05-27 01:00:00
SEG-63248,39.663491,37.220011,rural,3,0,0,0,53.0,43.2,0.185,low,0,16.0,2025-06-16 09:00:00
SEG-65344,39.29653,37.218985,mountain,3,5,0,1,58.5,47.4,0.189,moderate,1,20.8,2025-02-13 09:00:00
SEG-81299,39.623738,36.837433,mountain,11,1,0,0,72.4,57.1,0.211,low,0,3.3,2025-03-24 17:00:00
SEG-82067,39.579085,36.995982,highway,5,2,0,0,37.1,29.1,0.215,low,0,16.8,2025-02-11 11:00:00
SEG-17817,39.754943,37.305471,mountain,19,1,1,0,66.2,37.7,0.431,high,0,21.1,2025-02-12 01:00:00
SEG-75745,39.693581,37.253772,mountain,7,6,1,1,35.9,34.8,0.031,low,0,26.5,2025-02-22 13:00:00
SEG-81084,39.328694,37.090191,mountain,23,0,0,0,55.4,45.5,0.178,high,0,13.9,2025-03-06 05:00:00
SEG-76301,39.460432,36.982822,urban,3,0,0,0,88.1,58.7,0.334,high,0,7.2,2025-06-05 09:00:00
SEG-70435,39.291413,37.203816,highway,16,5,0,1,88.0,76.5,0.13,low,0,10.1,2025-06-29 22:00:00
SEG-92463,39.211871,37.371601,rural,15,3,0,0,47.0,38.9,0.172,moderate,0,5.4,2025-06-12 21:00:00
SEG-91417,39.739312,37.122936,urban,3,6,0,1,65.8,56.1,0.147,low,0,13.6,2025-04-15 09:00:00
SEG-79892,39.270067,37.350933,urban,22,0,0,0,44.7,36.1,0.192,high,0,9.3,2025-06-20 04:00:00
SEG-59397,39.498487,37.240655,rural,0,5,0,1,77.5,64.4,0.17,moderate,0,24.7,2025-05-17 06:00:00
SEG-36757,39.430683,36.902489,rural,11,4,0,0,78.1,50.6,0.352,moderate,0,18.0,2025-02-11 17:00:00
SEG-49041,39.406057,36.934109,urban,8,5,1,1,50.5,46.8,0.073,moderate,0,18.4,2025-04-24 14:00:00
SEG-18248,39.36087,37.085108,mountain,19,3,1,0,49.6,34.6,0.303,congested,0,12.2,2025-01-07 01:00:00
SEG-83288,39.537462,37.131947,rural,19,3,1,0,41.5,25.1,0.396,congested,0,25.6,2025-03-15 01:00:00
SEG-24751,39.443377,36.845161,mountain,16,1,0,0,76.2,67.1,0.119,moderate,0,9.0,2025-04-28 22:00:00
SEG-24000,39.511393,37.177948,mountain,6,3,0,0,71.3,56.2,0.212,high,0,17.7,2025-01-08 12:00:00
SEG-11299,39.359133,36.989622,rural,19,1,1,0,66.4,36.8,0.446,congested,0,4.0,2025-01-10 01:00:00
SEG-18022,39.298416,36.883725,highway,14,0,0,0,47.8,33.5,0.299,high,0,5.8,2025-05-17 20:00:00
SEG-97257,39.700138,37.015142,highway,3,6,0,1,35.5,32.4,0.089,low,0,9.5,2025-05-19 09:00:00
SEG-82526,39.530639,37.171313,rural,23,3,0,0,38.3,34.5,0.101,low,0,26.0,2025-01-05 05:00:00
SEG-55208,39.289626,37.376079,mountain,11,0,0,0,23.3,15.7,0.326,high,0,12.4,2025-06-01 17:00:00
SEG-60777,39.733163,37.267133,rural,11,5,0,1,34.2,33.6,0.018,moderate,0,8.2,2025-05-25 17:00:00
SEG-68828,39.314949,37.062965,highway,17,5,1,1,79.1,79.0,0.002,moderate,0,14.7,2025-01-05 23:00:00
SEG-24810,39.592177,37.118492,urban,5,3,0,0,81.5,71.8,0.119,low,0,26.7,2025-02-01 11:00:00
SEG-61563,39.228563,36.96283,mountain,9,2,1,0,86.5,41.1,0.524,high,0,10.6,2025-04-19 15:00:00
SEG-26521,39.535176,37.357475,highway,11,1,0,0,41.1,25.2,0.386,low,0,10.7,2025-06-02 17:00:00
SEG-26368,39.461713,37.086612,highway,10,3,0,0,73.8,49.0,0.336,low,0,6.9,2025-06-12 16:00:00
SEG-49790,39.58851,36.976937,rural,0,2,0,0,54.9,42.2,0.232,moderate,0,10.1,2025-06-02 06:00:00
SEG-39520,39.333702,37.062244,rural,5,0,0,0,79.4,70.3,0.114,high,1,25.0,2025-02-05 11:00:00
SEG-17386,39.372482,37.237192,highway,6,0,0,0,31.6,28.2,0.11,high,0,12.1,2025-06-18 12:00:00
SEG-93008,39.310901,36.854843,mountain,2,5,0,1,74.5,63.2,0.153,low,0,13.1,2025-03-11 08:00:00
SEG-82632,39.521643,37.127347,rural,7,4,1,0,44.3,22.0,0.504,congested,0,17.7,2025-03-20 13:00:00
SEG-75844,39.302187,37.305019,rural,4,5,0,1,80.1,65.7,0.18,low,0,18.6,2025-04-25 10:00:00
SEG-88549,39.239936,37.001593,highway,1,4,0,0,79.6,49.1,0.383,moderate,0,13.9,2025-03-10 07:00:00
SEG-79327,39.48297,37.258811,rural,20,1,0,0,45.0,29.2,0.351,moderate,0,23.8,2025-04-30 02:00:00
SEG-47930,39.271449,37.148349,urban,22,6,0,1,88.6,79.0,0.108,moderate,1,7.3,2025-05-12 04:00:00
SEG-36350,39.520589,36.933347,urban,3,4,0,0,35.2,22.2,0.371,low,0,15.9,2025-06-03 09:00:00
SEG-82983,39.788242,37.056274,highway,1,4,0,0,53.2,41.9,0.213,low,0,5.6,2025-05-20 07:00:00
SEG-33794,39.485131,36.805786,highway,17,3,1,0,32.9,19.9,0.395,congested,0,9.5,2025-03-25 23:00:00
SEG-23307,39.699039,36.927624,highway,10,5,0,1,35.8,34.5,0.038,low,0,20.7,2025-02-18 16:00:00
SEG-31310,39.375522,37.321614,mountain,15,0,0,0,71.5,54.0,0.245,moderate,0,2.4,2025-03-21 21:00:00
SEG-92458,39.33469,37.28818,mountain,4,4,0,0,62.3,43.0,0.31,moderate,0,27.2,2025-01-14 10:00:00
SEG-72874,39.565755,37.145069,urban,0,5,0,1,22.6,18.3,0.19,moderate,0,16.2,2025-03-01 06:00:00
SEG-63686,39.699596,37.210255,rural,10,1,0,0,26.7,16.8,0.37,high,0,5.5,2025-03-17 16:00:00
SEG-86393,39.433917,37.241674,rural,16,6,0,1,56.2,51.9,0.076,moderate,0,17.1,2025-04-05 22:00:00
SEG-77936,39.694331,37.3339,highway,10,5,0,1,69.7,60.6,0.13,low,0,2.0,2025-02-06 16:00:00
SEG-28043,39.242874,37.247115,rural,14,5,0,1,57.7,53.8,0.068,low,0,6.0,2025-06-05 20:00:00
SEG-79352,39.744382,37.071112,rural,2,3,0,0,21.0,15.0,0.285,high,0,8.2,2025-03-26 08:00:00
SEG-61277,39.686531,37.273945,highway,6,3,0,0,54.7,49.6,0.094,high,0,21.9,2025-06-13 12:00:00
SEG-85775,39.217811,37.116898,urban,10,6,0,1,50.4,45.7,0.093,low,0,29.6,2025-05-18 16:00:00
SEG-90897,39.247872,37.367156,urban,10,4,0,0,20.8,18.5,0.113,high,0,13.6,2025-05-28 16:00:00
SEG-38968,39.228196,36.989374,rural,17,6,1,1,49.8,44.0,0.115,low,0,25.0,2025-03-22 23:00:00
SEG-97678,39.646708,37.123077,rural,0,6,0,1,70.5,70.0,0.008,low,0,20.4,2025-01-06 06:00:00
SEG-79813,39.647677,36.872923,urban,18,1,1,0,75.1,31.8,0.576,high,0,29.6,2025-03-21 00:00:00
SEG-17742,39.280641,37.319684,rural,11,0,0,0,37.0,27.8,0.251,high,0,24.0,2025-05-09 17:00:00
SEG-70429,39.630307,36.82563,urban,10,0,0,0,81.6,57.5,0.295,high,0,27.2,2025-06-28 16:00:00
SEG-20337,39.677045,37.118558,urban,6,3,0,0,73.0,47.4,0.351,moderate,0,15.5,2025-06-03 12:00:00
SEG-92133,39.440566,36.947208,rural,11,1,0,0,75.9,47.1,0.379,low,0,29.3,2025-04-21 17:00:00
SEG-60572,39.254209,37.179721,mountain,9,3,1,0,66.6,28.4,0.574,congested,0,14.9,2025-02-17 15:00:00
SEG-90405,39.414241,37.273912,highway,3,0,0,0,46.6,32.0,0.314,high,0,25.2,2025-03-03 09:00:00
SEG-63721,39.482922,36.909026,highway,0,6,0,1,31.1,28.6,0.081,moderate,0,7.9,2025-02-15 06:00:00
SEG-20032,39.512744,37.026627,highway,8,2,1,0,24.8,15.2,0.389,congested,0,18.9,2025-06-28 14:00:00
SEG-49270,39.477096,37.369274,mountain,20,1,0,0,43.4,39.3,0.095,high,0,1.8,2025-04-07 02:00:00
SEG-11084,39.778001,36.822484,rural,21,4,0,0,58.3,37.7,0.353,low,0,12.9,2025-04-20 03:00:00
SEG-25212,39.280593,37.314329,urban,3,2,0,0,64.4,53.9,0.163,moderate,0,23.9,2025-01-06 09:00:00
SEG-89536,39.545207,37.14508,highway,1,3,0,0,54.7,37.8,0.309,high,0,5.6,2025-05-18 07:00:00
SEG-55954,39.658119,36.966932,highway,19,4,1,0,51.8,24.9,0.519,congested,0,7.5,2025-03-27 01:00:00
SEG-12788,39.522583,37.335654,mountain,4,6,0,1,54.4,48.4,0.109,low,0,28.8,2025-01-31 10:00:00
SEG-49985,39.673302,37.254535,urban,8,6,1,1,70.5,68.0,0.034,low,0,22.9,2025-01-17 14:00:00
SEG-39156,39.504354,36.923328,urban,15,3,0,0,65.6,47.6,0.274,high,0,8.9,2025-05-02 21:00:00
SEG-24774,39.469704,37.29764,rural,3,1,0,0,70.2,57.0,0.188,high,0,24.9,2025-04-18 09:00:00
SEG-15179,39.781595,36.911774,rural,4,3,0,0,29.3,20.3,0.307,low,0,25.5,2025-03-01 10:00:00
SEG-45196,39.736663,37.166728,rural,23,5,0,1,44.9,40.1,0.108,low,0,2.2,2025-06-27 05:00:00
SEG-58658,39.496849,37.154939,urban,22,2,0,0,27.0,18.2,0.325,moderate,0,19.5,2025-01-17 04:00:00
SEG-46313,39.57283,37.228752,mountain,9,0,1,0,86.8,58.8,0.323,high,1,22.0,2025-05-23 15:00:00
SEG-33259,39.484802,37.246645,rural,8,6,1,1,85.3,75.2,0.119,low,0,15.1,2025-03-18 14:00:00
SEG-38047,39.676071,36.911313,urban,0,2,0,0,78.3,66.0,0.157,high,0,3.7,2025-06-09 06:00:00
SEG-16587,39.230971,36.915451,mountain,12,4,0,0,50.2,42.2,0.159,low,1,16.6,2025-04-25 18:00:00
SEG-61239,39.616675,36.901901,mountain,4,6,0,1,22.5,20.6,0.081,low,0,2.6,2025-04-03 10:00:00
SEG-13935,39.317956,37.375062,highway,18,0,1,0,20.7,11.2,0.461,congested,0,7.7,2025-03-28 00:00:00
SEG-21727,39.773189,37.137851,urban,0,0,0,0,75.9,51.3,0.324,moderate,0,1.5,2025-04-26 06:00:00
SEG-76757,39.302999,36.856115,mountain,6,4,0,0,76.9,61.4,0.202,high,0,19.8,2025-05-07 12:00:00
SEG-63413,39.285521,36.87197,highway,8,2,1,0,80.9,49.6,0.387,congested,0,3.8,2025-02-12 14:00:00
SEG-42096,39.528295,37.395686,mountain,2,3,0,0,78.4,59.5,0.241,moderate,0,29.4,2025-02-27 08:00:00
SEG-12018,39.655746,36.975881,urban,4,1,0,0,45.2,28.6,0.368,moderate,0,6.8,2025-05-31 10:00:00
SEG-68468,39.361927,36.849369,mountain,23,5,0,1,71.1,65.2,0.083,moderate,0,11.6,2025-01-07 05:00:00
SEG-71646,39.324946,36.909579,mountain,20,5,0,1,44.7,36.6,0.181,low,0,14.2,2025-03-19 02:00:00
SEG-57066,39.63212,36.814464,rural,21,1,0,0,38.9,28.1,0.279,high,0,1.6,2025-01-29 03:00:00
SEG-66343,39.26378,37.200449,mountain,10,4,0,0,60.7,54.3,0.105,low,0,21.2,2025-06-05 16:00:00
SEG-26633,39.6814,37.330938,urban,8,3,1,0,58.9,37.6,0.363,congested,0,30.0,2025-01-03 14:00:00
SEG-96160,39.50012,36.961541,highway,14,2,0,0,21.7,18.7,0.138,moderate,0,3.7,2025-01-09 20:00:00
SEG-62909,39.494417,37.171827,urban,18,1,1,0,26.0,12.7,0.51,high,0,28.9,2025-06-11 00:00:00
SEG-45444,39.276715,36.918428,mountain,10,1,0,0,39.5,27.4,0.306,moderate,0,1.7,2025-02-10 16:00:00
SEG-11275,39.270361,37.144451,urban,16,3,0,0,42.3,31.8,0.249,low,0,5.4,2025-05-06 22:00:00
SEG-38548,39.611792,37.245526,highway,0,2,0,0,83.2,50.0,0.399,low,0,1.0,2025-05-13 06:00:00
SEG-90240,39.426142,37.275968,highway,23,5,0,1,89.6,79.8,0.109,low,1,15.9,2025-05-27 05:00:00
SEG-60394,39.799563,36.872791,urban,3,3,0,0,75.9,46.1,0.392,low,0,4.6,2025-05-07 09:00:00
SEG-90973,39.320925,37.074048,highway,18,5,1,1,57.2,54.6,0.045,moderate,0,16.5,2025-03-29 00:00:00
SEG-43818,39.380121,37.393395,mountain,2,6,0,1,80.7,73.4,0.09,moderate,0,2.0,2025-06-02 08:00:00
SEG-22685,39.689561,37.383465,urban,16,2,0,0,67.9,46.7,0.313,low,0,2.9,2025-01-25 22:00:00
SEG-53217,39.514035,36.851098,urban,2,5,0,1,62.3,57.9,0.071,moderate,0,28.9,2025-03-21 08:00:00
SEG-57581,39.290049,36.810903,urban,20,2,0,0,76.3,63.6,0.167,low,0,7.6,2025-04-17 02:00:00
SEG-45826,39.446669,37.067887,mountain,12,4,0,0,62.5,43.0,0.312,high,0,4.9,2025-01-14 18:00:00
SEG-76452,39.257294,37.130322,urban,8,5,1,1,70.5,67.8,0.038,low,0,19.8,2025-05-12 14:00:00
SEG-14414,39.468043,37.353465,rural,9,0,1,0,30.5,20.3,0.333,high,0,2.6,2025-03-09 15:00:00
SEG-63947,39.613296,37.342901,rural,14,1,0,0,75.3,54.6,0.275,low,0,28.0,2025-03-30 20:00:00
SEG-82307,39.797447,36.810438,rural,9,0,1,0,31.2,13.4,0.572,high,0,3.9,2025-04-18 15:00:00
SEG-62111,39.762961,37.177005,highway,20,2,0,0,44.2,26.8,0.394,high,0,2.3,2025-06-05 02:00:00
SEG-41759,39.303736,36.833229,urban,13,3,0,0,21.6,13.6,0.37,high,0,1.4,2025-02-14 19:00:00
SEG-55986,39.320302,37.342448,highway,18,5,1,1,89.3,82.7,0.075,low,0,19.8,2025-03-10 00:00:00
SEG-39411,39.767902,37.229198,rural,0,3,0,0,71.5,53.8,0.248,moderate,0,21.9,2025-03-20 06:00:00
SEG-60176,39.593055,37.3363,highway,14,3,0,0,89.1,80.1,0.102,moderate,0,3.1,2025-03-02 20:00:00
SEG-74463,39.204106,37.099532,urban,23,6,0,1,63.8,53.7,0.159,moderate,0,10.8,2025-04-19 05:00:00
SEG-99048,39.249844,37.399504,urban,17,1,1,0,31.4,15.6,0.505,high,0,20.2,2025-02-16 23:00:00
SEG-56017,39.436545,37.392119,mountain,16,3,0,0,79.3,67.1,0.154,moderate,0,25.7,2025-03-12 22:00:00
SEG-76930,39.790139,37.373836,rural,19,3,1,0,81.9,42.8,0.477,congested,0,9.2,2025-05-01 01:00:00
SEG-64104,39.697922,37.197435,highway,18,0,1,0,64.7,32.9,0.492,high,0,9.4,2025-05-26 00:00:00
SEG-50317,39.490024,36.980802,highway,4,1,0,0,36.5,32.9,0.098,low,0,12.9,2025-04-07 10:00:00
SEG-89246,39.52861,37.368485,rural,4,0,0,0,43.5,35.8,0.177,moderate,0,8.1,2025-02-14 10:00:00
SEG-26216,39.210315,37.039802,highway,22,2,0,0,76.1,62.8,0.175,low,0,18.6,2025-02-21 04:00:00
SEG-40605,39.528021,36.848185,rural,4,3,0,0,37.4,33.7,0.1,moderate,0,20.5,2025-03-15 10:00:00
SEG-80364,39.500266,37.3184,highway,5,5,0,1,24.5,22.2,0.097,moderate,0,12.5,2025-01-05 11:00:00
SEG-50763,39.40839,36.859004,urban,3,0,0,0,32.7,21.5,0.344,moderate,0,8.7,2025-02-17 09:00:00
SEG-65559,39.348281,36.817585,highway,22,3,0,0,23.6,19.2,0.186,high,0,7.6,2025-02-07 04:00:00
SEG-18189,39.260288,37.237988,urban,16,3,0,0,23.7,14.7,0.38,low,0,13.7,2025-06-01 22:00:00
SEG-37506,39.573739,37.347451,rural,1,0,0,0,26.3,18.3,0.303,low,0,14.5,2025-01-30 07:00:00
SEG-15975,39.344421,37.250127,highway,15,5,0,1,26.9,26.0,0.035,moderate,0,22.9,2025-02-09 21:00:00
SEG-76496,39.656336,37.363944,rural,21,5,0,1,63.2,60.0,0.05,low,0,19.6,2025-06-13 03:00:00
SEG-54659,39.479996,37.11433,urban,11,0,0,0,64.0,40.1,0.373,moderate,0,5.4,2025-01-31 17:00:00
SEG-71823,39.21358,37.353574,urban,17,4,1,0,67.3,43.8,0.349,high,0,18.2,2025-01-15 23:00:00
SEG-24557,39.629035,37.080769,mountain,13,0,0,0,49.9,39.6,0.207,high,0,5.1,2025-02-21 19:00:00
SEG-25809,39.606108,37.327469,urban,18,5,1,1,89.1,75.8,0.15,moderate,0,25.2,2025-01-12 00:00:00
SEG-98307,39.468445,37.051535,rural,3,0,0,0,32.7,22.9,0.3,low,0,14.2,2025-05-09 09:00:00
SEG-37955,39.218887,36.90183,mountain,8,5,1,1,80.8,67.8,0.161,low,0,5.3,2025-02-01 14:00:00
SEG-69754,39.434422,36.822831,rural,12,4,0,0,66.8,49.0,0.266,moderate,0,14.4,2025-04-10 18:00:00
SEG-85768,39.680508,37.209344,rural,11,0,0,0,50.6,42.6,0.158,low,0,28.2,2025-02-06 17:00:00
SEG-60907,39.253666,36.832951,highway,3,6,0,1,48.5,41.7,0.14,low,1,27.9,2025-02-25 09:00:00
SEG-46971,39.318575,36.827852,urban,20,4,0,0,73.7,67.2,0.088,low,0,21.0,2025-06-09 02:00:00
SEG-38887,39.522916,36.933279,highway,4,2,0,0,57.9,40.7,0.298,low,1,27.4,2025-04-19 10:00:00
SEG-58273,39.560412,37.285694,highway,0,2,0,0,80.1,49.4,0.384,low,0,21.7,2025-05-21 06:00:00
SEG-40496,39.793497,37.218972,rural,12,5,0,1,75.6,64.0,0.154,moderate,0,3.3,2025-03-25 18:00:00
SEG-74301,39.210246,36.871095,mountain,8,3,1,0,49.4,31.2,0.369,high,0,4.1,2025-05-01 14:00:00
SEG-68856,39.348069,37.002176,mountain,23,6,0,1,84.0,69.1,0.178,low,0,3.4,2025-03-02 05:00:00
SEG-59332,39.555365,37.259046,highway,15,4,0,0,26.9,19.5,0.273,low,0,24.5,2025-04-29 21:00:00
SEG-58471,39.296466,37.240611,rural,0,1,0,0,40.7,28.6,0.298,high,0,14.1,2025-02-06 06:00:00
SEG-70797,39.222007,36.838795,highway,3,0,0,0,52.2,32.5,0.379,high,0,24.3,2025-06-16 09:00:00
SEG-73789,39.488411,37.396945,rural,7,3,1,0,66.5,27.8,0.582,high,0,7.2,2025-01-05 13:00:00
SEG-70164,39.66579,37.3332,urban,9,6,1,1,25.1,21.6,0.14,moderate,0,5.3,2025-02-14 15:00:00
SEG-34371,39.399398,37.262347,rural,12,5,0,1,57.0,56.8,0.004,moderate,0,13.7,2025-04-20 18:00:00
SEG-37069,39.350403,36.806171,rural,20,3,0,0,67.8,44.1,0.35,low,0,16.7,2025-04-14 02:00:00
SEG-76053,39.485533,37.214977,mountain,11,4,0,0,28.8,26.3,0.087,moderate,0,12.5,2025-06-21 17:00:00
SEG-33116,39.61645,37.278399,highway,16,4,0,0,89.6,72.3,0.193,low,0,23.5,2025-03-02 22:00:00
SEG-72162,39.355825,37.008112,urban,0,5,0,1,56.7,54.9,0.033,low,0,22.4,2025-03-25 06:00:00
SEG-63935,39.557709,37.069623,mountain,8,6,1,1,20.6,17.3,0.162,moderate,0,14.5,2025-06-02 14:00:00
SEG-86899,39.729102,37.099887,highway,10,2,0,0,37.8,28.5,0.247,low,0,23.5,2025-03-08 16:00:00
SEG-37032,39.288298,36.908557,urban,6,6,0,1,48.2,46.6,0.033,moderate,0,5.7,2025-06-14 12:00:00
SEG-65827,39.288335,36.861972,highway,2,6,0,1,52.5,45.9,0.126,moderate,0,3.6,2025-02-12 08:00:00
SEG-85644,39.234324,36.976717,urban,19,4,1,0,46.0,22.4,0.513,congested,1,5.7,2025-01-28 01:00:00
SEG-13878,39.701327,37.373212,urban,0,1,0,0,60.9,53.7,0.118,low,0,29.8,2025-05-26 06:00:00
SEG-17936,39.676828,36.808349,mountain,8,1,1,0,67.5,32.4,0.519,high,0,26.1,2025-04-26 14:00:00
SEG-68412,39.478732,37.332235,highway,0,1,0,0,76.4,48.0,0.372,low,0,20.7,2025-01-09 06:00:00
SEG-59379,39.374723,36.918971,urban,5,3,0,0,78.5,52.1,0.336,moderate,0,26.0,2025-04-23 11:00:00
SEG-80769,39.295946,36.967182,urban,14,3,0,0,88.5,81.5,0.079,low,0,1.5,2025-04-12 20:00:00
SEG-82095,39.653739,36.995058,rural,1,1,0,0,81.7,66.6,0.184,high,0,18.3,2025-06-04 07:00:00
SEG-30980,39.33492,37.07721,highway,5,6,0,1,54.5,49.5,0.092,low,0,7.1,2025-06-16 11:00:00
SEG-65021,39.228655,37.384964,mountain,18,6,1,1,50.0,41.3,0.175,moderate,0,10.3,2025-02-14 00:00:00
SEG-44704,39.47217,36.899723,rural,20,2,0,0,44.9,30.2,0.328,moderate,1,21.8,2025-05-11 02:00:00
SEG-12844,39.715497,37.060909,urban,0,3,0,0,72.4,68.6,0.052,moderate,1,0.8,2025-01-27 06:00:00
SEG-58680,39.539027,37.305443,rural,5,4,0,0,23.3,15.5,0.335,low,0,7.5,2025-01-09 11:00:00
SEG-35221,39.367696,37.125328,urban,1,4,0,0,35.8,32.7,0.085,moderate,0,0.7,2025-02-12 07:00:00
SEG-55095,39.346807,36.840341,highway,4,6,0,1,46.2,43.0,0.07,moderate,0,26.6,2025-02-27 10:00:00
SEG-86139,39.793586,36.970208,rural,22,5,0,1,82.8,70.0,0.155,moderate,0,6.6,2025-02-20 04:00:00
SEG-87607,39.653032,36.947362,mountain,5,2,0,0,79.5,58.7,0.262,low,0,24.4,2025-01-07 11:00:00
SEG-45418,39.408092,37.247973,highway,17,5,1,1,36.1,29.8,0.175,moderate,0,17.6,2025-04-24 23:00:00
SEG-27550,39.668045,37.250814,highway,12,2,0,0,83.5,68.0,0.186,high,0,7.7,2025-05-08 18:00:00
SEG-11951,39.440893,36.845152,mountain,14,2,0,0,61.2,42.6,0.303,low,0,23.4,2025-03-10 20:00:00
SEG-27359,39.58455,37.139814,urban,14,2,0,0,63.5,55.9,0.121,high,0,2.7,2025-02-28 20:00:00
SEG-72056,39.259925,37.023426,rural,23,3,0,0,29.0,21.7,0.252,moderate,0,25.7,2025-06-12 05:00:00
SEG-25789,39.750686,36.951125,mountain,3,1,0,0,69.1,63.0,0.088,moderate,0,7.2,2025-01-02 09:00:00
SEG-45452,39.542649,36.895004,highway,23,4,0,0,83.2,59.1,0.29,low,0,21.3,2025-01-18 05:00:00
SEG-28294,39.4123,36.938163,highway,10,2,0,0,20.7,13.1,0.367,low,0,3.6,2025-03-02 16:00:00
SEG-44200,39.599714,36.829622,mountain,14,3,0,0,84.2,64.1,0.239,low,0,4.2,2025-06-27 20:00:00
SEG-92350,39.644749,37.315982,rural,4,0,0,0,55.1,37.6,0.317,moderate,0,16.4,2025-01-29 10:00:00
SEG-66547,39.55442,37.241572,mountain,0,2,0,0,74.0,56.9,0.231,low,0,25.0,2025-02-20 06:00:00
SEG-22487,39.776985,37.328377,rural,5,4,0,0,61.3,48.7,0.205,moderate,0,28.3,2025-02-12 11:00:00
SEG-53718,39.404176,37.229847,rural,21,2,0,0,87.2,60.7,0.304,high,0,16.1,2025-05-20 03:00:00
SEG-32531,39.303078,37.264903,highway,22,3,0,0,69.7,53.5,0.233,moderate,0,8.4,2025-05-05 04:00:00
SEG-51796,39.275198,37.150701,rural,5,2,0,0,41.4,28.0,0.324,high,0,17.8,2025-02-13 11:00:00
SEG-96990,39.533269,36.903568,mountain,11,0,0,0,72.8,57.3,0.213,moderate,0,26.5,2025-03-18 17:00:00
SEG-11666,39.468333,37.131482,highway,6,4,0,0,73.2,66.5,0.092,high,0,5.5,2025-02-11 12:00:00
SEG-89362,39.34741,36.964116,mountain,9,4,1,0,60.1,34.8,0.422,high,0,25.0,2025-04-24 15:00:00
SEG-86115,39.223854,37.045946,rural,0,2,0,0,84.3,76.9,0.088,low,0,6.0,2025-05-03 06:00:00
SEG-85356,39.701572,37.18821,urban,0,5,0,1,36.2,29.5,0.185,low,0,23.0,2025-05-18 06:00:00
SEG-60111,39.571512,36.880681,highway,9,6,1,1,52.5,42.9,0.183,low,0,12.9,2025-01-06 15:00:00
SEG-24535,39.759059,36.88614,mountain,15,5,0,1,22.6,19.9,0.12,moderate,0,2.1,2025-04-22 21:00:00
SEG-11930,39.722185,37.034553,rural,6,5,0,1,56.8,56.1,0.012,low,0,5.6,2025-03-11 12:00:00
SEG-36946,39.454196,37.066816,urban,13,5,0,1,30.3,25.6,0.155,low,0,3.9,2025-06-14 19:00:00
SEG-36220,39.762114,37.170331,highway,9,5,1,1,26.5,23.5,0.113,low,0,8.6,2025-03-15 15:00:00
SEG-78597,39.269783,37.249319,rural,14,1,0,0,52.5,43.6,0.17,moderate,0,12.9,2025-01-09 20:00:00
SEG-46365,39.453194,37.215528,mountain,8,4,1,0,40.5,23.8,0.413,high,0,14.5,2025-03-29 14:00:00
SEG-84007,39.260052,37.130287,urban,0,0,0,0,78.5,60.7,0.227,high,0,21.1,2025-01-11 06:00:00
SEG-75039,39.729323,36.972219,urban,7,3,1,0,41.5,26.2,0.369,high,0,10.7,2025-03-27 13:00:00
SEG-31693,39.677678,37.10059,rural,12,4,0,0,37.9,30.3,0.2,low,0,23.3,2025-04-05 18:00:00
SEG-71290,39.647214,37.0271,urban,4,3,0,0,59.2,36.4,0.385,high,0,13.3,2025-06-30 10:00:00
SEG-92027,39.359732,37.191702,rural,0,4,0,0,43.7,33.9,0.225,moderate,0,28.3,2025-02-14 06:00:00
SEG-86225,39.254822,37.235668,urban,7,2,1,0,74.6,43.4,0.419,high,0,2.8,2025-06-22 13:00:00
SEG-69717,39.456405,36.982835,rural,20,5,0,1,48.7,39.9,0.181,low,0,14.0,2025-04-13 02:00:00
SEG-43607,39.636645,36.849413,mountain,14,6,0,1,65.6,63.7,0.029,moderate,0,4.4,2025-04-10 20:00:00
SEG-78087,39.653011,37.042479,rural,2,2,0,0,66.1,60.1,0.091,low,0,22.5,2025-05-27 08:00:00
SEG-11453,39.220135,36.835886,rural,14,3,0,0,84.7,55.8,0.342,low,0,21.1,2025-06-16 20:00:00
SEG-14360,39.704755,37.13726,rural,0,2,0,0,88.3,64.2,0.273,moderate,0,7.2,2025-03-05 06:00:00
SEG-94490,39.466524,37.348908,mountain,18,4,1,0,37.2,15.2,0.592,congested,0,1.2,2025-04-15 00:00:00
SEG-65132,39.482602,37.274875,mountain,3,4,0,0,85.3,56.7,0.336,low,0,14.5,2025-05-28 09:00:00
SEG-53135,39.585424,37.265661,urban,19,0,1,0,74.0,39.6,0.464,congested,0,10.2,2025-06-04 01:00:00
SEG-99094,39.685003,36.828014,urban,15,6,0,1,34.4,30.3,0.117,moderate,0,21.0,2025-05-09 21:00:00
SEG-12871,39.653563,37.392447,rural,0,5,0,1,79.1,75.9,0.04,moderate,0,4.6,2025-01-31 06:00:00
SEG-81442,39.616682,36.83521,mountain,20,6,0,1,59.3,56.5,0.047,low,0,13.6,2025-04-16 02:00:00
SEG-72202,39.434452,36.912091,urban,1,6,0,1,24.9,23.7,0.047,low,0,17.6,2025-02-15 07:00:00
SEG-74295,39.660043,37.105382,highway,19,0,1,0,67.1,38.2,0.43,high,0,12.9,2025-03-25 01:00:00
SEG-79978,39.779465,37.261679,mountain,7,3,1,0,26.3,16.4,0.379,high,0,9.6,2025-03-09 13:00:00
SEG-97145,39.302969,37.152387,urban,5,0,0,0,34.4,29.0,0.157,high,0,3.1,2025-03-02 11:00:00
SEG-84131,39.774585,36.981492,mountain,20,4,0,0,68.5,43.8,0.36,moderate,0,29.8,2025-06-04 02:00:00
SEG-45593,39.307779,37.170158,urban,17,3,1,0,33.3,17.0,0.49,high,0,15.6,2025-03-13 23:00:00
SEG-71067,39.595213,36.947215,highway,1,5,0,1,30.3,29.5,0.026,low,0,15.3,2025-01-02 07:00:00
SEG-94567,39.431819,37.026143,highway,20,2,0,0,66.4,55.6,0.163,moderate,0,19.7,2025-03-07 02:00:00
SEG-53066,39.729491,37.148551,highway,23,5,0,1,29.9,29.0,0.03,low,0,13.7,2025-01-13 05:00:00
SEG-16281,39.268663,36.83264,urban,19,1,1,0,48.9,23.9,0.51,congested,1,19.1,2025-01-10 01:00:00
SEG-88726,39.510549,37.338953,mountain,2,3,0,0,31.2,20.3,0.347,low,0,19.7,2025-03-17 08:00:00
SEG-69984,39.699754,37.305468,urban,10,6,0,1,86.3,80.4,0.068,low,0,20.0,2025-03-28 16:00:00
SEG-80757,39.770846,36.91031,highway,20,3,0,0,64.2,40.5,0.369,moderate,0,18.0,2025-01-30 02:00:00
SEG-61368,39.631539,37.330735,urban,12,6,0,1,27.7,26.6,0.04,moderate,1,1.5,2025-02-04 18:00:00
SEG-65217,39.704403,36.944065,urban,3,3,0,0,24.0,20.7,0.135,low,0,26.5,2025-03-13 09:00:00
SEG-53779,39.361594,36.995638,mountain,19,3,1,0,64.1,29.2,0.545,congested,0,2.9,2025-01-04 01:00:00
SEG-38173,39.641471,36.977141,mountain,21,5,0,1,30.0,25.0,0.168,moderate,0,17.8,2025-02-10 03:00:00
SEG-63093,39.774095,37.075118,highway,7,0,1,0,32.8,22.1,0.327,congested,0,11.6,2025-04-25 13:00:00
SEG-15508,39.200461,37.350974,rural,9,1,1,0,46.3,20.4,0.56,congested,0,21.1,2025-04-19 15:00:00
SEG-99085,39.353505,37.25234,highway,22,4,0,0,77.1,67.5,0.124,moderate,0,26.3,2025-06-30 04:00:00
SEG-84705,39.363186,37.326309,mountain,16,4,0,0,30.3,21.9,0.277,high,0,7.8,2025-04-05 22:00:00
SEG-66084,39.365867,37.22738,highway,13,1,0,0,89.9,84.2,0.064,low,0,24.3,2025-06-04 19:00:00
SEG-50686,39.665278,37.382094,mountain,13,2,0,0,61.0,39.3,0.355,high,0,25.7,2025-06-20 19:00:00
SEG-31729,39.743048,36.880933,mountain,1,2,0,0,33.0,25.9,0.216,low,0,4.3,2025-04-09 07:00:00
SEG-59408,39.450172,36.843603,urban,14,4,0,0,60.8,40.3,0.338,moderate,0,22.2,2025-05-21 20:00:00
SEG-74937,39.348769,36.99237,mountain,17,5,1,1,53.4,53.1,0.005,moderate,0,11.5,2025-04-22 23:00:00
SEG-89692,39.207414,36.872851,urban,8,4,1,0,32.1,17.9,0.443,congested,0,6.4,2025-05-16 14:00:00
SEG-13844,39.647621,37.385629,highway,19,0,1,0,30.8,13.5,0.562,high,0,9.0,2025-01-14 01:00:00
SEG-18826,39.591423,37.194935,rural,14,3,0,0,30.3,24.7,0.184,high,0,20.0,2025-01-09 20:00:00
SEG-77709,39.722429,37.238654,mountain,18,0,1,0,35.2,15.3,0.565,high,0,27.1,2025-05-21 00:00:00
SEG-48944,39.482046,36.819903,urban,19,4,1,0,50.4,25.1,0.502,congested,0,20.2,2025-06-29 01:00:00
SEG-77972,39.281259,37.345154,urban,10,4,0,0,87.9,72.7,0.173,low,0,25.0,2025-01-08 16:00:00
SEG-44212,39.542137,37.090688,mountain,13,3,0,0,62.6,55.1,0.12,high,0,28.2,2025-05-20 19:00:00
SEG-10565,39.75273,37.387398,highway,1,5,0,1,89.1,77.9,0.126,low,0,11.3,2025-06-10 07:00:00
SEG-53673,39.761146,37.069142,mountain,13,3,0,0,27.0,21.2,0.216,high,0,23.1,2025-06-14 19:00:00
SEG-43767,39.778151,36.974228,highway,0,2,0,0,37.4,34.7,0.071,moderate,0,9.9,2025-01-19 06:00:00
SEG-75038,39.593989,37.089297,mountain,19,2,1,0,79.5,34.1,0.571,high,0,19.4,2025-01-20 01:00:00
SEG-33506,39.497797,37.382409,highway,1,1,0,0,49.3,42.7,0.135,high,0,10.3,2025-06-09 07:00:00
SEG-37520,39.646527,37.150297,mountain,23,0,0,0,61.4,47.9,0.22,low,1,9.3,2025-02-18 05:00:00
SEG-45511,39.686219,37.31107,mountain,9,2,1,0,79.3,38.5,0.514,high,0,13.6,2025-05-17 15:00:00
SEG-71660,39.44959,36.877202,mountain,7,2,1,0,89.1,60.3,0.323,high,0,23.4,2025-06-05 13:00:00
SEG-21773,39.242775,37.08273,mountain,1,5,0,1,59.0,56.4,0.044,moderate,0,28.8,2025-02-12 07:00:00
SEG-14854,39.718327,37.155854,highway,2,2,0,0,44.6,29.8,0.333,moderate,0,10.9,2025-01-01 08:00:00
SEG-44153,39.406588,37.126765,rural,2,5,0,1,71.6,58.6,0.181,moderate,0,18.8,2025-06-21 08:00:00
SEG-10352,39.419447,37.161366,highway,3,3,0,0,23.3,18.0,0.228,moderate,0,17.8,2025-01-04 09:00:00
SEG-89194,39.630095,36.99136,urban,9,0,1,0,57.8,40.2,0.305,high,0,24.2,2025-01-07 15:00:00
SEG-41266,39.608584,37.15314,rural,12,6,0,1,31.2,30.8,0.012,low,0,16.5,2025-04-13 18:00:00
SEG-29864,39.610696,36.967221,mountain,22,5,0,1,21.5,19.1,0.111,low,0,18.4,2025-03-29 04:00:00
SEG-41028,39.254326,37.340777,rural,9,5,1,1,50.6,46.6,0.08,low,0,4.4,2025-01-15 15:00:00
SEG-17002,39.759524,37.162941,mountain,14,2,0,0,38.5,23.4,0.393,high,0,15.4,2025-06-04 20:00:00
SEG-25398,39.535033,37.39544,highway,1,4,0,0,31.8,30.0,0.057,high,0,21.8,2025-06-27 07:00:00
SEG-61091,39.577521,37.387449,mountain,7,0,1,0,26.4,16.0,0.396,high,0,10.4,2025-03-12 13:00:00
SEG-25637,39.532127,37.136526,highway,10,1,0,0,76.0,52.0,0.316,high,0,12.4,2025-03-17 16:00:00
SEG-71654,39.796517,37.279232,highway,21,1,0,0,30.3,21.5,0.29,high,0,28.6,2025-04-05 03:00:00
SEG-93961,39.626701,36.97776,urban,23,5,0,1,87.1,70.7,0.189,low,0,22.6,2025-03-17 05:00:00
SEG-65210,39.434241,36.844057,mountain,19,4,1,0,43.7,20.7,0.527,congested,0,29.9,2025-02-04 01:00:00
SEG-57618,39.723668,36.907881,urban,10,5,0,1,73.1,64.0,0.125,low,0,4.6,2025-04-09 16:00:00
SEG-10778,39.244203,37.120772,urban,0,1,0,0,46.2,40.8,0.115,moderate,0,15.7,2025-01-13 06:00:00
SEG-11096,39.398386,37.287561,rural,12,1,0,0,22.9,16.9,0.261,moderate,1,22.1,2025-06-14 18:00:00
SEG-11435,39.252638,37.179972,urban,8,6,1,1,20.6,18.7,0.091,low,0,18.0,2025-02-12 14:00:00
SEG-44379,39.235221,37.244468,rural,20,0,0,0,30.0,19.4,0.353,high,0,6.4,2025-04-29 02:00:00
SEG-95100,39.654186,37.141054,urban,22,4,0,0,45.7,41.1,0.1,high,0,1.7,2025-06-10 04:00:00
SEG-48702,39.629965,37.05823,rural,4,6,0,1,87.7,76.3,0.13,moderate,0,8.6,2025-06-11 10:00:00
SEG-47396,39.554322,36.882237,rural,10,2,0,0,72.3,67.7,0.063,moderate,0,3.2,2025-05-23 16:00:00
SEG-79388,39.209774,37.136636,urban,22,4,0,0,61.7,44.5,0.278,moderate,0,25.2,2025-03-15 04:00:00
SEG-58627,39.657253,37.038882,urban,12,1,0,0,80.7,65.3,0.191,high,0,18.7,2025-01-14 18:00:00
SEG-28289,39.388938,37.044441,rural,0,1,0,0,87.9,65.3,0.257,moderate,0,1.4,2025-01-03 06:00:00
SEG-27181,39.3778,37.318216,urban,4,6,0,1,49.5,48.7,0.016,low,0,29.8,2025-04-04 10:00:00
SEG-99049,39.502381,36.816304,highway,11,1,0,0,67.7,42.2,0.376,low,0,24.4,2025-03-22 17:00:00
SEG-49612,39.453948,37.008117,highway,14,4,0,0,24.3,15.7,0.355,moderate,0,17.9,2025-03-20 20:00:00
SEG-38022,39.465403,36.959209,highway,22,3,0,0,87.8,75.2,0.144,moderate,0,9.9,2025-05-01 04:00:00
SEG-78775,39.550115,36.991591,mountain,14,0,0,0,60.1,51.5,0.143,high,0,22.4,2025-03-18 20:00:00
SEG-40808,39.708567,37.042769,urban,6,3,0,0,43.1,39.2,0.09,high,0,21.5,2025-05-07 12:00:00
SEG-71434,39.358306,37.202332,highway,14,3,0,0,58.3,35.1,0.398,high,0,29.1,2025-06-27 20:00:00
SEG-94199,39.486961,37.084429,highway,23,0,0,0,57.9,39.7,0.314,low,0,5.3,2025-06-05 05:00:00
SEG-89128,39.415928,37.093321,mountain,6,1,0,0,79.5,51.7,0.35,high,0,20.6,2025-02-23 12:00:00
SEG-52226,39.539313,37.316367,urban,9,2,1,0,22.8,15.1,0.339,high,0,24.6,2025-04-28 15:00:00
SEG-91520,39.425637,37.31568,urban,20,1,0,0,38.1,28.7,0.246,low,0,16.3,2025-03-29 02:00:00
SEG-10017,39.591023,36.82804,highway,7,5,1,1,32.8,30.0,0.085,moderate,0,6.1,2025-02-14 13:00:00
SEG-78848,39.509759,36.976001,urban,6,2,0,0,54.6,34.1,0.375,high,0,0.8,2025-06-22 12:00:00
SEG-60987,39.489963,37.291927,highway,2,2,0,0,79.0,66.5,0.158,low,0,13.6,2025-04-22 08:00:00
