obs_id,timestamp,latitude,longitude,weather_condition,temperature_c,feels_like_c,precipitation_mm,precipitation_type,wind_speed_kmh,wind_direction_deg,humidity_pct,pressure_hpa,visibility_km,cloud_cover_pct,uv_index,road_surface_condition,delay_risk_score
WOB-130885,2025-04-21 14:54:29,39.613836,37.173401,cloudy,17.6,16.7,0,none,17.7,1,77.3,999.7,8.9,31,2.3,wet,0.184
WOB-590145,2025-05-28 12:15:04,39.459498,37.17525,cloudy,35.7,33.7,0,none,39.4,239,37.5,1027.0,12.7,92,5.6,dry,0.955
WOB-317406,2025-03-20 06:33:57,39.757148,37.238068,clear,36.3,34.5,0,none,35.4,285,48.9,991.9,24.0,42,6.8,wet,0.624
WOB-595889,2025-06-04 20:19:21,39.382541,37.178105,clear,26.4,26.2,0,none,3.0,152,78.2,986.6,15.1,2,7.4,snow_covered,0.473
WOB-982751,2025-05-28 13:22:56,39.420094,36.900203,snow,11.0,7.3,11.1,snow,74.1,220,86.4,980.7,1.7,90,4.5,icy,0.634
WOB-569569,2025-06-04 09:39:25,39.685744,37.042124,rain,37.3,36.2,21.9,rain,22.6,136,45.2,1004.3,17.8,13,5.7,wet,0.981
WOB-391290,2025-05-16 23:29:45,39.662045,37.207635,wind,18.7,16.5,0,none,43.3,306,83.2,992.9,27.5,64,4.7,icy,0.814
WOB-912727,2025-01-04 00:12:17,39.720065,37.158329,wind,0.4,-2.9,0,none,65.9,223,43.7,986.4,22.5,75,2.8,snow_covered,0.101
WOB-782535,2025-01-20 19:58:06,39.294169,37.128832,wind,36.7,34.6,0,none,42.7,38,72.8,1025.5,10.2,36,6.2,icy,0.228
WOB-271283,2025-01-04 09:53:14,39.20245,36.843941,wind,12.5,9.5,0,none,59.3,70,92.8,1020.8,29.2,90,10.1,snow_covered,0.3
WOB-615579,2025-06-10 18:45:07,39.733702,37.182185,rain,9.9,7.9,13.8,rain,40.3,32,87.8,1018.7,16.0,16,2.3,snow_covered,0.058
WOB-831411,2025-05-08 21:04:28,39.527993,37.308692,clear,9.4,9.2,0,none,4.0,39,99.0,990.0,21.8,73,7.1,snow_covered,0.306
WOB-549190,2025-05-26 10:02:15,39.787725,37.159675,rain,9.6,8.3,22.6,rain,26.0,351,55.5,993.5,23.4,49,2.1,wet,0.971
WOB-153157,2025-06-16 12:43:19,39.572537,37.350997,cloudy,0.1,-3.1,0,none,64.3,278,24.7,1024.0,12.8,49,4.4,dry,0.099
WOB-623514,2025-03-04 21:39:54,39.413797,36.991194,snow,24.2,23.1,12.2,snow,22.2,340,94.1,1027.4,10.0,96,8.3,snow_covered,0.352
WOB-568095,2025-02-03 16:16:02,39.352859,37.058572,clear,-9.7,-11.2,0,none,30.9,172,61.7,1020.5,24.3,16,3.2,dry,0.357
WOB-417232,2025-03-22 18:45:00,39.429569,36.953212,clear,-2.3,-5.9,0,none,71.3,133,25.5,1005.6,18.5,37,0.1,wet,0.202
WOB-433738,2025-03-21 04:35:40,39.74729,37.398867,clear,15.6,14.7,0,none,18.7,240,89.4,1016.5,13.9,31,4.5,dry,0.882
WOB-281779,2025-02-28 04:10:27,39.685934,36.960669,cloudy,15.6,14.0,0,none,32.9,23,83.8,996.6,1.9,78,8.1,wet,0.03
WOB-112704,2025-04-29 10:48:34,39.666115,36.966786,clear,0.6,-2.1,0,none,53.4,298,81.6,1011.9,24.8,60,6.6,snow_covered,0.135
WOB-652208,2025-02-23 05:02:30,39.401981,36.891714,rain,-4.5,-6.9,10.9,rain,48.8,6,43.9,1025.7,14.2,45,8.3,snow_covered,0.752
WOB-770206,2025-04-06 19:33:09,39.379493,37.105664,clear,18.7,16.7,0,none,39.9,114,65.8,1013.8,26.7,74,9.1,dry,0.14
WOB-146446,2025-03-26 04:10:52,39.200654,37.230336,rain,3.5,0.3,19.5,rain,64.7,119,97.6,997.7,16.1,97,1.5,icy,0.611
WOB-561392,2025-06-19 09:10:28,39.210537,36.914726,rain,-2.3,-4.6,6.8,rain,45.1,340,56.8,994.3,13.4,46,6.7,dry,0.656
WOB-311253,2025-01-14 04:48:54,39.508091,37.055216,rain,39.7,36.8,20.6,rain,57.7,1,60.1,1017.7,4.3,77,3.5,snow_covered,0.696
WOB-550219,2025-06-06 18:08:35,39.762536,36.863613,snow,-2.0,-2.9,19.4,snow,17.6,15,78.9,998.0,16.7,91,6.8,icy,0.166
WOB-564993,2025-03-23 19:17:42,39.703186,36.975521,fog,0.5,-2.9,0,none,67.9,98,76.0,999.2,5.9,75,2.4,dry,0.372
WOB-409226,2025-06-07 22:01:29,39.517779,37.336114,clear,13.4,11.4,0,none,40.1,75,90.9,1021.2,24.7,72,3.4,dry,0.934
WOB-224829,2025-06-30 10:05:57,39.291658,36.880111,wind,-2.8,-5.4,0,none,52.3,230,70.0,1027.3,1.3,19,9.7,wet,0.472
WOB-668488,2025-06-10 22:32:37,39.543925,36.821547,snow,5.8,2.6,8.2,snow,64.0,321,71.0,982.8,26.7,35,8.9,snow_covered,0.581
WOB-650325,2025-05-17 19:27:41,39.355694,37.176272,snow,11.0,10.2,9.4,snow,16.2,39,99.1,1023.9,16.6,79,7.5,snow_covered,0.749
WOB-684923,2025-04-01 02:39:33,39.508513,37.011645,clear,6.0,3.6,0,none,48.2,297,44.2,1005.5,18.5,91,6.9,wet,0.405
WOB-123964,2025-04-18 00:51:02,39.326059,36.958145,fog,12.2,11.4,0,none,16.4,79,96.8,1014.3,12.3,19,2.6,snow_covered,0.681
WOB-449951,2025-02-05 06:45:22,39.26871,37.178958,wind,20.1,17.6,0,none,50.6,45,63.8,1020.4,3.4,72,7.1,snow_covered,0.847
WOB-967717,2025-06-02 12:20:52,39.657451,37.106446,cloudy,30.8,30.7,0,none,2.1,250,20.6,1000.1,21.6,76,0.4,dry,0.047
WOB-680155,2025-04-25 01:35:36,39.279173,37.088629,cloudy,19.5,18.9,0,none,11.5,310,91.5,991.2,27.2,65,7.3,snow_covered,0.661
WOB-614672,2025-04-29 05:01:27,39.741272,37.352792,cloudy,25.7,25.5,0,none,3.5,167,56.8,1010.7,25.9,100,8.0,wet,0.997
WOB-875668,2025-02-07 08:09:57,39.402992,37.21431,clear,30.0,28.2,0,none,35.4,51,81.3,1022.0,19.9,27,1.1,icy,0.34
WOB-198161,2025-01-09 13:02:02,39.608807,37.260579,snow,23.8,23.3,1.0,snow,10.2,268,58.3,1010.2,26.4,28,5.7,icy,0.263
WOB-166994,2025-03-02 16:12:07,39.420587,37.10546,cloudy,-4.8,-5.1,0,none,6.1,157,91.0,1027.5,19.7,89,1.1,wet,0.936
WOB-219360,2025-05-07 02:43:18,39.675967,37.310499,cloudy,10.0,6.0,0,none,79.2,166,70.2,999.7,28.1,68,6.6,dry,0.583
WOB-769840,2025-03-27 06:48:40,39.727005,37.070201,snow,16.9,16.3,26.2,snow,11.4,154,84.3,1011.4,11.0,65,3.2,snow_covered,0.976
WOB-997816,2025-04-22 19:23:14,39.686123,36.814844,cloudy,31.0,29.3,0,none,33.9,218,96.3,1020.7,2.5,27,10.3,icy,0.48
WOB-483832,2025-05-28 12:19:07,39.499165,37.197143,clear,7.8,4.0,0,none,75.6,231,76.5,988.0,27.3,85,1.6,snow_covered,0.234
WOB-692377,2025-04-10 02:19:00,39.436102,37.135736,wind,0.4,0.2,0,none,3.0,45,46.5,998.4,21.3,38,7.1,wet,0.227
WOB-757277,2025-02-28 12:30:06,39.254282,37.312722,wind,8.6,6.4,0,none,44.0,130,63.0,1009.2,24.0,3,10.4,wet,0.3
WOB-762898,2025-06-04 13:36:47,39.43058,37.082566,rain,9.4,8.0,21.8,rain,27.6,293,48.5,994.2,2.9,80,5.4,dry,0.425
WOB-796678,2025-03-28 01:39:08,39.201762,36.807877,cloudy,34.9,34.6,0,none,6.2,48,52.4,1007.6,19.5,36,9.8,dry,0.228
WOB-367539,2025-05-29 10:48:28,39.379911,36.964074,snow,9.3,6.5,26.7,snow,56.4,287,36.3,1004.3,13.8,3,8.1,wet,0.591
WOB-908085,2025-05-20 20:37:20,39.715657,37.121609,rain,23.2,19.3,29.9,rain,77.7,14,85.0,1001.2,25.7,44,10.7,dry,0.575
WOB-535805,2025-05-06 15:41:27,39.551086,37.224248,cloudy,-4.2,-7.8,0,none,71.3,193,56.2,986.2,22.5,53,4.6,dry,0.001
WOB-931975,2025-03-03 02:46:17,39.647963,37.349162,rain,-1.3,-1.4,28.5,rain,2.6,65,30.7,1014.9,7.0,78,6.5,dry,0.072
WOB-475477,2025-02-10 18:52:37,39.635119,37.38317,fog,1.0,-0.7,0,none,33.7,316,79.2,984.7,26.0,78,0.8,wet,0.636
WOB-467485,2025-02-23 20:37:03,39.688551,36.872179,rain,-8.7,-9.7,4.9,rain,19.6,32,56.6,1022.6,27.3,55,9.7,wet,0.869
WOB-169713,2025-03-15 10:27:14,39.688134,36.866026,snow,2.3,0.8,22.5,snow,30.4,290,66.8,1017.5,22.2,82,4.2,icy,0.356
WOB-375469,2025-05-28 10:13:35,39.29477,36.909625,wind,11.9,8.5,0,none,68.1,47,43.9,982.2,6.9,70,3.6,wet,0.743
WOB-384254,2025-03-07 04:59:17,39.405965,37.237164,cloudy,31.6,28.5,0,none,62.5,147,94.0,992.8,16.7,61,1.5,wet,0.573
WOB-389399,2025-02-28 15:19:02,39.481293,36.94472,cloudy,-6.7,-10.4,0,none,74.0,193,78.5,1014.8,11.5,61,3.2,wet,0.149
WOB-718288,2025-01-19 06:27:21,39.268674,37.218009,fog,12.9,10.8,0,none,41.4,162,37.1,986.7,20.8,37,0.2,icy,0.285
WOB-654000,2025-03-27 20:20:02,39.497328,37.061268,clear,15.7,15.5,0,none,4.1,191,60.2,983.0,21.8,68,5.3,wet,0.086
WOB-660842,2025-02-10 06:38:14,39.549378,36.994743,clear,2.5,0.8,0,none,34.7,211,33.7,985.2,24.1,62,8.8,dry,0.549
WOB-235134,2025-01-20 03:32:01,39.227202,37.202833,wind,16.2,14.5,0,none,33.9,169,80.9,1021.9,12.5,70,7.2,dry,0.143
WOB-490371,2025-03-25 07:45:23,39.693181,37.193927,cloudy,36.2,33.3,0,none,57.7,134,34.3,1017.2,0.9,4,0.6,wet,0.054
WOB-829153,2025-04-08 18:25:59,39.459042,37.001144,wind,24.6,23.3,0,none,26.8,9,74.0,1025.8,4.6,36,8.1,dry,0.289
WOB-435291,2025-01-31 00:54:27,39.216385,37.045315,clear,-4.8,-5.1,0,none,6.0,301,65.3,981.0,29.5,51,4.7,wet,0.206
WOB-435036,2025-05-24 23:31:43,39.511584,36.877235,cloudy,3.9,3.8,0,none,2.5,118,89.5,1009.4,5.9,22,0.5,snow_covered,0.14
WOB-219403,2025-01-06 14:18:18,39.257363,37.197953,fog,27.9,24.5,0,none,68.0,106,40.5,995.3,7.1,12,2.1,wet,0.364
WOB-366509,2025-04-11 15:30:09,39.427299,37.383715,cloudy,-2.1,-5.0,0,none,58.6,171,86.6,1000.6,8.9,16,2.4,wet,0.501
WOB-636869,2025-02-28 04:38:58,39.663509,36.978769,snow,11.4,10.3,0.1,snow,21.1,220,54.4,993.4,22.5,93,8.9,icy,0.248
WOB-390170,2025-05-26 22:54:14,39.47229,37.202013,wind,35.2,31.9,0,none,65.7,338,65.8,1011.8,11.1,79,5.2,wet,0.356
WOB-523922,2025-06-12 08:37:57,39.664638,37.000765,cloudy,39.9,36.0,0,none,78.5,189,85.1,1008.1,2.5,62,8.4,snow_covered,0.96
WOB-536720,2025-03-14 01:04:32,39.672521,37.323402,fog,-7.0,-10.7,0,none,73.3,153,28.4,1003.6,29.8,28,2.7,icy,0.159
WOB-799319,2025-06-20 18:30:28,39.464919,37.395458,rain,36.2,33.3,11.8,rain,57.6,119,47.0,1008.1,21.1,89,10.2,wet,0.762
WOB-841420,2025-06-21 06:20:28,39.659523,37.130867,rain,27.4,26.6,4.6,rain,16.2,198,59.5,1009.6,9.3,43,5.2,wet,0.641
WOB-335515,2025-06-17 21:47:17,39.586917,37.360407,cloudy,27.2,25.0,0,none,43.8,165,41.7,1027.0,9.0,70,3.6,snow_covered,0.246
WOB-718909,2025-04-23 10:30:55,39.215681,37.270875,snow,26.5,24.2,4.4,snow,45.2,327,38.9,1010.4,26.7,69,8.7,dry,0.415
WOB-919579,2025-03-11 02:01:05,39.716266,37.204286,fog,-5.8,-7.4,0,none,31.5,263,72.5,1014.7,3.1,31,0.3,wet,0.474
WOB-743348,2025-03-15 22:46:57,39.235358,37.21468,clear,37.1,36.0,0,none,21.9,216,85.2,1027.9,27.2,2,6.1,wet,0.387
WOB-306002,2025-02-23 16:03:06,39.544305,36.870695,clear,39.0,37.4,0,none,31.9,303,81.5,1019.1,13.5,23,3.6,icy,0.838
WOB-461205,2025-05-26 15:01:58,39.546892,37.298809,cloudy,9.4,6.6,0,none,56.2,207,36.4,1020.8,18.1,58,1.5,icy,0.011
WOB-290339,2025-03-19 00:45:05,39.692396,36.957359,wind,-6.0,-8.7,0,none,53.4,328,53.1,1025.6,21.7,72,5.1,snow_covered,0.451
WOB-729231,2025-05-11 18:50:30,39.215345,37.209157,fog,1.2,-0.1,0,none,26.3,56,22.6,1027.8,3.7,44,8.6,dry,0.114
WOB-304144,2025-05-31 22:45:05,39.631049,37.140612,rain,26.6,23.6,1.0,rain,60.3,115,38.5,1028.6,6.9,85,4.6,snow_covered,0.657
WOB-671993,2025-02-10 01:55:17,39.774198,36.964179,clear,4.1,0.8,0,none,66.0,353,41.2,1016.4,28.7,55,5.4,wet,0.038
WOB-718990,2025-02-18 23:57:22,39.745226,36.854685,snow,-9.5,-12.1,8.5,snow,52.4,339,72.6,1018.6,1.9,39,7.2,wet,0.894
WOB-670730,2025-01-08 18:08:01,39.290313,37.137093,snow,32.7,31.1,27.8,snow,32.3,16,79.8,983.6,18.8,5,2.7,wet,0.122
WOB-373817,2025-06-14 10:55:52,39.661825,36.95469,wind,36.7,35.5,0,none,24.2,79,99.7,990.5,6.3,54,0.7,snow_covered,0.565
WOB-500721,2025-05-11 14:29:02,39.257701,37.3024,fog,-5.0,-8.7,0,none,73.7,30,26.4,1019.4,3.4,89,9.7,snow_covered,0.116
WOB-956595,2025-06-20 12:40:25,39.281139,37.223255,fog,24.1,20.4,0,none,74.1,8,99.7,995.2,14.2,0,1.8,dry,0.289
WOB-608117,2025-01-24 09:39:25,39.279512,37.120171,wind,5.0,4.5,0,none,10.9,356,26.0,1026.5,6.8,55,5.2,icy,0.491
WOB-183562,2025-02-27 10:46:04,39.716112,36.912513,clear,1.9,-1.3,0,none,63.1,19,93.4,1005.0,18.6,14,7.2,snow_covered,0.122
WOB-150211,2025-04-23 09:47:21,39.799254,36.901592,wind,-2.4,-3.8,0,none,27.9,38,76.8,984.1,10.4,42,0.6,snow_covered,0.966
WOB-284025,2025-02-06 06:42:27,39.433122,37.043912,rain,30.7,26.7,10.1,rain,79.9,335,59.7,995.6,2.7,17,7.0,icy,0.487
WOB-389320,2025-06-07 06:56:12,39.239003,37.224552,fog,17.1,14.3,0,none,56.4,266,62.1,1025.5,13.1,77,3.1,wet,0.981
WOB-573345,2025-01-07 04:43:30,39.421547,37.154508,wind,25.0,23.6,0,none,27.3,178,95.1,1025.9,6.6,46,8.6,icy,0.887
WOB-523842,2025-06-15 15:23:08,39.794314,37.068953,wind,-5.7,-6.3,0,none,12.5,68,80.8,998.1,11.3,33,4.2,dry,0.476
WOB-333289,2025-05-10 01:22:25,39.2257,36.976436,wind,36.0,35.6,0,none,8.9,2,98.9,998.9,19.6,53,9.5,icy,0.041
WOB-769171,2025-05-17 06:15:27,39.507171,37.266818,clear,33.8,33.8,0,none,0.3,210,52.7,1010.0,20.3,97,1.1,wet,0.536
WOB-931251,2025-01-02 17:55:13,39.483027,36.9011,fog,26.0,25.5,0,none,9.7,337,32.9,991.5,16.8,23,1.9,wet,0.284
WOB-735432,2025-04-15 08:10:27,39.366631,36.996045,cloudy,16.3,14.9,0,none,28.6,302,67.6,981.6,8.6,4,8.0,icy,0.452
WOB-463886,2025-06-06 02:04:42,39.269493,37.023815,clear,25.2,21.5,0,none,74.9,341,22.4,1022.6,23.3,24,3.5,snow_covered,0.928
WOB-557892,2025-02-02 05:42:24,39.659686,37.118368,cloudy,36.2,36.2,0,none,0.6,148,29.4,1015.0,20.1,62,6.1,dry,0.599
WOB-414679,2025-04-01 10:04:49,39.514515,36.817526,fog,-9.1,-9.4,0,none,5.8,52,69.8,1025.5,21.5,42,2.7,dry,0.613
WOB-787641,2025-06-19 11:53:23,39.655433,37.271986,fog,28.0,27.6,0,none,7.6,134,43.0,1007.8,24.1,36,8.1,wet,0.551
WOB-504253,2025-02-04 06:53:34,39.251001,37.105964,fog,36.3,35.4,0,none,17.9,113,80.5,1004.9,27.4,82,7.8,dry,0.674
WOB-963929,2025-02-14 09:30:07,39.478795,37.15111,clear,23.4,23.0,0,none,7.8,338,69.6,1025.2,13.6,30,9.0,snow_covered,0.596
WOB-721130,2025-01-03 22:02:12,39.391362,36.99916,rain,37.9,34.8,27.4,rain,62.7,292,44.5,1018.4,16.6,35,2.1,dry,0.834
WOB-260669,2025-04-28 06:59:06,39.778849,37.139863,clear,24.5,23.1,0,none,28.7,266,68.6,1007.2,0.9,8,8.0,snow_covered,0.332
WOB-433811,2025-03-31 12:20:48,39.344356,37.071408,rain,8.6,8.3,26.8,rain,6.6,73,55.5,984.7,7.1,84,6.2,icy,0.588
WOB-602174,2025-04-18 09:44:49,39.235152,37.014629,wind,-9.0,-10.1,0,none,22.4,204,69.3,988.0,18.6,50,3.3,icy,0.46
WOB-808116,2025-06-12 20:23:52,39.499338,37.345639,rain,30.1,28.0,24.3,rain,42.5,94,39.2,987.0,7.9,27,3.3,dry,0.767
WOB-517669,2025-02-23 10:29:51,39.24801,37.225663,rain,-4.5,-5.5,9.9,rain,19.7,307,28.6,1006.7,9.8,36,9.3,dry,0.384
WOB-574143,2025-06-12 05:10:14,39.499393,37.285396,clear,-1.9,-2.6,0,none,13.2,31,39.1,1018.1,7.0,18,6.8,icy,0.676
WOB-949797,2025-02-26 18:42:07,39.415302,37.35855,clear,6.1,3.9,0,none,43.0,71,62.0,991.3,8.7,17,6.7,snow_covered,0.184
WOB-729395,2025-06-21 11:14:08,39.614095,37.160057,snow,-2.1,-5.9,14.6,snow,76.1,71,86.3,981.3,3.1,59,6.0,wet,0.905
WOB-974735,2025-03-11 23:54:44,39.610698,37.154204,snow,9.1,5.7,6.3,snow,68.7,2,51.7,1029.3,24.7,96,0.4,wet,0.121
WOB-293930,2025-02-15 00:48:17,39.551822,37.100067,rain,16.6,15.2,28.1,rain,28.7,77,23.6,984.8,17.8,13,6.3,wet,0.212
WOB-777513,2025-05-01 10:43:35,39.335416,37.162517,clear,20.2,20.2,0,none,0.2,11,34.7,1009.1,10.6,12,4.1,wet,0.842
WOB-486364,2025-03-15 08:57:25,39.629325,37.206209,wind,14.6,12.5,0,none,41.1,181,97.6,995.5,21.9,74,11.0,wet,0.227
WOB-503775,2025-02-25 17:14:50,39.676353,37.006477,cloudy,-3.2,-4.1,0,none,18.7,333,70.2,1003.3,23.6,98,0.8,icy,0.377
WOB-893705,2025-03-27 21:38:18,39.64035,37.30272,snow,-9.4,-11.9,22.2,snow,49.2,180,35.7,1010.7,27.4,10,7.4,snow_covered,0.428
WOB-538399,2025-03-23 22:41:53,39.626899,37.003989,rain,-1.2,-4.8,14.1,rain,71.7,34,30.0,1019.2,5.2,11,9.0,icy,0.477
WOB-357851,2025-01-11 22:03:28,39.444068,36.844507,wind,21.2,20.6,0,none,12.5,35,74.0,999.5,19.0,87,10.2,dry,0.386
WOB-229084,2025-06-10 14:59:57,39.486694,37.056547,rain,2.3,-0.4,4.5,rain,54.7,276,48.5,987.8,26.1,48,9.0,icy,0.647
WOB-735724,2025-03-13 15:17:59,39.448451,37.346969,clear,-5.8,-9.2,0,none,67.7,159,35.4,982.0,28.2,31,5.0,icy,0.773
WOB-831163,2025-02-17 22:50:59,39.541879,37.122724,wind,-2.6,-3.6,0,none,19.5,37,36.6,993.0,10.7,84,6.9,snow_covered,0.38
WOB-791127,2025-02-10 18:34:27,39.276086,37.087249,fog,25.7,25.3,0,none,8.3,283,36.1,1014.2,12.7,72,0.8,icy,0.896
WOB-131807,2025-06-28 18:28:51,39.514276,36.824746,clear,28.9,26.2,0,none,53.4,198,84.3,988.2,13.1,37,2.0,snow_covered,0.866
WOB-393234,2025-06-20 12:17:51,39.332197,37.332493,clear,30.3,28.4,0,none,39.0,161,95.4,991.0,24.3,31,5.4,icy,0.673
WOB-407762,2025-03-03 05:25:03,39.758211,37.031542,snow,38.9,37.1,7.8,snow,35.3,301,54.1,988.2,24.5,73,3.2,icy,0.83
WOB-695048,2025-01-05 11:02:13,39.384096,37.175285,rain,-9.7,-10.2,12.4,rain,10.4,214,46.2,1006.7,10.3,14,1.6,dry,0.866
WOB-875626,2025-05-29 23:25:32,39.275824,37.068386,snow,25.5,21.7,5.4,snow,75.6,163,76.2,1010.7,17.7,27,2.8,icy,0.866
WOB-295083,2025-01-15 09:58:04,39.278594,36.866148,snow,33.4,29.8,19.7,snow,72.1,75,83.0,994.6,15.1,70,10.8,dry,0.287
WOB-644999,2025-03-09 05:17:55,39.783479,37.233824,snow,32.9,32.4,4.1,snow,9.3,149,75.8,982.6,1.2,29,7.1,wet,0.094
WOB-776444,2025-03-30 04:07:27,39.5333,37.304526,cloudy,28.7,27.9,0,none,15.4,79,75.5,1026.3,21.1,34,3.5,snow_covered,0.488
WOB-247455,2025-05-29 23:31:35,39.637906,36.80705,cloudy,10.3,9.4,0,none,17.6,266,54.1,980.2,2.5,17,9.7,wet,0.027
WOB-381460,2025-06-13 13:23:52,39.229406,37.332869,wind,15.9,13.9,0,none,40.3,64,51.0,992.7,29.0,69,2.2,wet,0.423
WOB-666500,2025-03-29 21:29:05,39.605417,37.028615,fog,-1.7,-5.6,0,none,78.2,309,52.4,1016.2,19.3,89,2.3,dry,0.852
WOB-125193,2025-05-05 13:09:07,39.606307,37.163954,rain,34.5,32.1,26.3,rain,48.0,287,98.8,1025.9,8.8,91,9.2,dry,0.867
WOB-492377,2025-01-29 12:24:41,39.356931,37.021755,clear,35.4,31.7,0,none,74.4,25,86.0,1028.5,26.3,9,1.2,icy,0.292
WOB-773481,2025-01-22 13:21:10,39.485116,37.27225,fog,25.8,22.2,0,none,71.6,30,63.3,982.4,28.6,93,5.6,dry,0.286
WOB-633694,2025-05-05 03:33:46,39.240883,36.969107,rain,2.1,0.6,10.5,rain,30.8,174,26.1,990.7,10.2,66,7.0,dry,0.274
WOB-770209,2025-05-06 15:18:08,39.330345,36.986177,rain,7.6,7.4,1.5,rain,3.4,6,28.2,1000.2,28.0,48,3.1,dry,0.487
WOB-262285,2025-06-08 15:09:57,39.470482,36.957358,clear,38.1,35.7,0,none,48.7,236,83.2,1012.9,12.4,77,5.8,wet,0.484
WOB-937637,2025-01-21 05:13:32,39.461559,36.864022,fog,36.4,34.7,0,none,33.9,264,98.2,985.6,17.3,60,9.1,snow_covered,0.439
WOB-599636,2025-04-23 16:59:58,39.641506,37.11279,wind,-0.0,-1.7,0,none,33.1,21,77.6,1023.2,10.3,68,2.3,wet,0.256
WOB-358907,2025-05-06 05:30:15,39.523471,37.152837,snow,6.4,4.2,21.2,snow,43.6,186,96.1,1029.4,17.6,75,8.5,wet,0.282
WOB-145418,2025-03-17 13:43:40,39.440108,36.885216,snow,35.3,34.0,21.0,snow,26.8,34,74.5,1007.0,8.4,54,4.7,snow_covered,0.605
WOB-457535,2025-02-10 15:25:54,39.20258,37.324983,cloudy,-9.7,-12.9,0,none,63.1,104,32.6,1021.3,5.8,96,4.2,wet,0.255
WOB-643014,2025-01-14 18:30:37,39.582783,37.286604,wind,-6.9,-8.2,0,none,25.6,189,95.5,1001.3,29.1,0,8.8,snow_covered,0.818
WOB-578863,2025-06-27 23:26:58,39.204592,37.349658,snow,-3.7,-3.7,21.7,snow,0.6,114,64.4,1015.8,5.4,61,8.7,snow_covered,0.456
WOB-826971,2025-05-26 06:47:06,39.770076,36.869572,fog,4.6,3.3,0,none,25.5,246,72.2,1026.1,6.4,99,6.6,dry,0.443
WOB-302859,2025-01-17 08:32:52,39.287856,36.82883,cloudy,25.8,24.7,0,none,22.3,151,74.0,1004.4,26.7,6,3.8,snow_covered,0.849
WOB-921772,2025-05-15 13:44:23,39.597329,37.391273,clear,27.9,24.6,0,none,66.7,218,94.8,1013.9,17.7,60,1.2,icy,0.71
WOB-814354,2025-03-26 14:55:42,39.40992,37.039257,snow,10.3,7.9,1.2,snow,48.8,193,61.9,991.7,9.0,34,0.2,icy,0.152
WOB-305810,2025-06-10 06:40:40,39.703776,37.366986,wind,9.0,6.2,0,none,57.0,234,69.9,1027.9,5.9,11,6.4,icy,0.244
WOB-152500,2025-05-02 08:57:52,39.622052,37.075193,rain,24.7,23.7,14.3,rain,19.5,58,46.8,1019.4,17.8,10,10.0,icy,0.037
WOB-109346,2025-05-17 14:01:06,39.25771,36.841546,wind,31.4,30.8,0,none,12.1,15,60.3,986.7,10.8,73,7.9,icy,0.845
WOB-434122,2025-06-26 21:40:21,39.401758,37.073429,fog,35.9,35.1,0,none,16.3,147,60.6,1015.7,11.1,11,6.6,dry,0.284
WOB-533237,2025-03-20 11:44:30,39.483196,36.854774,rain,9.2,6.4,29.1,rain,56.9,324,51.0,994.2,25.0,19,0.3,wet,0.092
WOB-425454,2025-04-07 08:11:32,39.615604,37.290372,snow,11.2,9.1,4.4,snow,41.5,201,63.1,993.2,26.7,21,10.9,snow_covered,0.67
WOB-248111,2025-02-26 13:57:21,39.201568,37.286506,wind,34.0,31.3,0,none,54.0,10,63.7,1013.2,3.0,85,8.2,dry,0.32
WOB-520106,2025-04-25 16:00:10,39.214453,37.259414,rain,0.4,-3.1,4.3,rain,70.2,333,36.2,982.9,19.5,92,2.2,wet,0.32
WOB-951258,2025-03-23 23:06:36,39.707009,37.345746,snow,19.9,16.3,22.9,snow,71.7,6,27.2,982.9,21.8,75,0.6,wet,0.066
WOB-652313,2025-03-28 08:14:28,39.512625,37.236271,rain,32.7,32.5,16.0,rain,3.6,329,98.6,991.5,21.1,35,0.7,wet,0.625
WOB-192820,2025-01-11 01:41:03,39.572983,36.938069,rain,25.3,23.6,19.0,rain,33.4,124,81.6,999.7,16.2,82,0.3,dry,0.14
WOB-898000,2025-01-27 20:57:26,39.604627,37.057454,clear,7.4,3.5,0,none,78.7,292,44.2,1002.9,21.1,32,8.5,dry,0.872
WOB-675123,2025-06-27 05:14:53,39.630685,36.84419,clear,-8.2,-9.6,0,none,27.9,108,73.9,1017.1,0.7,78,4.8,wet,0.605
WOB-883282,2025-05-01 09:30:31,39.502303,37.387239,clear,17.9,13.9,0,none,79.0,157,31.2,1001.1,7.4,52,8.1,icy,0.648
WOB-619296,2025-05-28 08:03:26,39.637084,37.043322,snow,11.4,11.0,20.7,snow,7.9,245,51.9,1024.9,19.9,69,8.9,wet,0.409
WOB-864107,2025-02-16 02:42:49,39.459465,37.115579,wind,23.3,23.2,0,none,2.0,335,51.7,1018.8,19.4,58,10.2,wet,0.592
WOB-697558,2025-02-05 23:51:13,39.455069,37.060989,fog,31.5,29.4,0,none,41.2,358,75.0,1002.4,12.2,50,10.9,icy,0.169
WOB-586329,2025-04-18 02:34:10,39.750066,37.161336,wind,16.9,14.5,0,none,48.7,149,66.5,992.1,9.9,68,1.2,icy,0.341
WOB-126148,2025-04-03 19:12:56,39.488163,36.891376,rain,38.7,37.2,25.1,rain,30.4,281,87.1,1025.6,11.4,94,5.9,icy,0.029
WOB-918632,2025-01-15 07:35:38,39.751074,37.364714,rain,-3.8,-7.4,13.2,rain,71.4,198,46.4,1007.6,6.1,8,10.5,wet,0.59
WOB-779778,2025-06-17 19:44:31,39.411488,37.037889,clear,16.7,14.9,0,none,35.3,58,87.3,995.4,13.1,7,9.6,icy,0.774
WOB-568929,2025-01-02 02:19:55,39.63104,36.910181,rain,19.7,17.6,19.2,rain,41.8,287,86.8,1004.6,19.4,6,6.9,dry,0.774
WOB-113833,2025-04-25 17:58:15,39.317706,36.874095,wind,33.9,32.5,0,none,27.2,32,71.5,999.6,19.0,63,3.0,dry,0.402
WOB-527896,2025-05-06 03:11:36,39.560436,36.889541,cloudy,-1.9,-5.3,0,none,68.1,309,36.9,986.0,17.0,49,1.8,dry,0.014
WOB-503591,2025-04-08 01:03:39,39.583363,36.811888,cloudy,30.6,27.5,0,none,62.8,333,76.8,986.9,21.2,73,5.0,wet,0.47
WOB-919875,2025-06-04 03:48:25,39.640866,36.972968,clear,24.9,23.6,0,none,26.1,353,27.4,1012.1,8.7,50,10.4,icy,0.901
WOB-616892,2025-05-12 23:03:26,39.666184,37.097623,clear,26.0,23.8,0,none,43.4,106,49.0,995.2,28.2,28,2.8,dry,0.281
WOB-639086,2025-05-08 11:59:44,39.457482,37.129384,fog,23.1,21.4,0,none,33.5,101,73.3,1023.6,15.4,100,3.3,wet,0.661
WOB-326318,2025-06-30 05:20:11,39.411904,37.12822,snow,21.5,18.2,25.6,snow,66.6,222,98.3,1021.5,15.8,30,1.7,snow_covered,0.473
WOB-782040,2025-04-13 02:27:47,39.4826,37.354587,fog,4.5,3.9,0,none,12.7,209,81.7,1010.5,6.9,83,2.8,wet,0.871
WOB-859231,2025-05-22 18:27:18,39.458374,37.158238,rain,33.3,33.2,1.0,rain,1.9,156,45.5,983.0,29.8,4,6.6,icy,0.401
WOB-732824,2025-02-02 07:49:03,39.63969,36.804914,snow,-0.1,-4.0,5.2,snow,78.9,100,65.4,1014.8,13.7,94,5.4,wet,0.845
WOB-689538,2025-04-25 20:57:11,39.388839,37.180962,rain,23.3,23.3,29.1,rain,0.4,14,25.1,986.9,17.0,44,1.2,dry,0.677
WOB-426790,2025-05-15 01:34:03,39.618321,36.802919,rain,-8.8,-11.1,5.5,rain,45.0,107,47.5,1024.2,4.6,59,6.6,wet,0.824
WOB-205455,2025-05-27 00:02:04,39.494882,37.315083,rain,-0.6,-3.5,23.9,rain,58.0,57,31.4,1012.8,17.5,35,10.9,wet,0.401
WOB-498777,2025-02-06 02:32:02,39.730952,37.290269,cloudy,17.6,14.2,0,none,67.2,93,84.5,997.2,20.9,67,4.0,wet,0.529
WOB-552344,2025-04-18 19:51:38,39.628947,37.010058,rain,7.1,4.6,2.4,rain,50.6,20,83.9,1021.2,19.0,74,2.6,dry,0.078
WOB-832469,2025-05-10 11:44:40,39.741126,36.982662,rain,5.6,2.8,20.5,rain,55.1,16,93.9,1000.9,14.5,69,9.3,snow_covered,0.456
WOB-970795,2025-02-18 07:12:14,39.465357,37.031163,cloudy,32.3,29.6,0,none,53.4,243,50.0,1001.2,21.8,95,1.8,snow_covered,0.257
WOB-921597,2025-01-20 23:02:28,39.30428,37.054589,fog,2.9,2.4,0,none,9.5,335,55.4,988.0,17.9,7,4.7,wet,0.084
WOB-177336,2025-06-11 20:36:13,39.458892,36.812107,cloudy,36.1,33.7,0,none,47.8,223,79.6,1027.1,9.7,4,7.8,wet,0.918
WOB-281658,2025-01-25 12:44:28,39.748628,37.222339,snow,12.0,11.6,20.3,snow,8.0,110,42.4,991.5,23.4,71,5.8,dry,0.309
WOB-955543,2025-03-09 01:53:04,39.710125,36.854271,rain,22.5,21.0,1.7,rain,29.5,124,52.1,998.3,25.8,18,6.1,wet,0.107
WOB-167028,2025-02-19 20:01:30,39.279509,37.017087,rain,12.1,9.7,14.0,rain,48.5,56,77.5,994.6,1.2,36,6.9,wet,0.895
WOB-934189,2025-04-12 11:36:28,39.710504,36.921874,rain,2.4,0.9,26.5,rain,29.8,43,90.9,1014.3,25.7,85,10.8,snow_covered,0.484
WOB-590418,2025-05-12 22:39:29,39.58551,36.992416,snow,-2.6,-6.4,17.5,snow,75.9,309,30.1,1025.2,28.8,8,10.0,wet,0.857
WOB-866670,2025-04-10 03:12:02,39.266926,37.056416,wind,20.7,17.7,0,none,59.5,257,59.1,1021.0,5.1,12,6.5,wet,0.397
WOB-607559,2025-06-24 23:48:12,39.24531,36.993358,cloudy,24.0,22.3,0,none,34.8,58,81.8,997.9,17.2,87,5.0,dry,0.442
WOB-306041,2025-02-26 22:54:00,39.407754,37.156914,fog,32.0,31.7,0,none,6.5,28,40.3,995.9,0.8,22,0.1,snow_covered,0.742
WOB-424721,2025-04-12 08:50:18,39.346421,37.09662,fog,-8.3,-9.2,0,none,17.0,326,47.7,982.8,18.0,64,4.4,snow_covered,0.047
WOB-386410,2025-05-07 04:34:26,39.667467,36.96332,fog,29.0,25.8,0,none,63.1,208,74.8,1003.0,10.8,80,0.8,wet,0.24
WOB-797335,2025-03-24 13:48:57,39.525022,36.857755,clear,34.4,31.1,0,none,66.4,67,55.7,983.6,26.2,40,1.1,wet,0.281
WOB-789474,2025-01-12 22:06:58,39.26033,36.986303,cloudy,-9.9,-10.8,0,none,18.8,280,33.5,1019.8,5.6,98,6.1,wet,0.685
WOB-531043,2025-01-16 03:54:05,39.72889,37.203271,fog,-3.9,-7.0,0,none,62.4,113,53.2,980.5,16.4,86,7.3,dry,0.649
WOB-840746,2025-05-17 10:49:30,39.48733,36.94732,snow,20.0,18.0,14.0,snow,40.8,156,71.8,1001.4,5.9,5,0.3,wet,0.081
WOB-382060,2025-05-16 22:24:29,39.630363,37.268326,snow,35.7,34.0,13.7,snow,34.7,287,49.2,1019.7,23.9,85,5.9,icy,0.104
WOB-712516,2025-02-12 07:51:21,39.475267,37.117452,clear,28.2,24.7,0,none,70.6,41,69.8,1019.9,9.5,33,10.3,snow_covered,0.606
WOB-622732,2025-01-28 18:41:13,39.570101,37.00647,snow,31.1,29.3,18.0,snow,36.3,40,38.9,1002.3,20.7,14,7.6,snow_covered,0.75
WOB-500223,2025-06-14 14:46:37,39.455394,37.150793,snow,-4.7,-7.8,22.3,snow,61.2,225,63.5,1027.0,11.5,63,2.3,dry,0.196
WOB-327976,2025-06-14 12:57:34,39.711244,37.086696,rain,31.2,28.3,1.4,rain,58.4,351,72.4,1015.9,28.7,85,4.2,dry,0.302
WOB-813007,2025-06-03 03:49:27,39.434589,37.028758,snow,11.2,11.2,21.8,snow,0.1,56,25.7,1002.9,23.5,87,3.3,dry,0.375
WOB-535849,2025-02-27 15:13:49,39.506815,36.867617,snow,39.5,38.7,22.1,snow,16.6,134,58.3,1022.1,12.0,48,5.9,snow_covered,0.593
WOB-129681,2025-06-25 11:27:40,39.489822,36.813108,snow,17.6,16.7,23.4,snow,18.5,142,63.3,1004.3,18.3,82,2.5,wet,0.69
WOB-841287,2025-01-16 13:02:18,39.659305,37.145992,cloudy,27.3,26.7,0,none,11.6,304,29.1,1012.2,14.7,7,4.2,wet,0.28
WOB-198763,2025-01-09 17:34:05,39.744706,36.829928,wind,36.8,36.2,0,none,11.6,41,63.5,988.5,15.7,35,5.3,wet,0.02
WOB-810038,2025-04-15 10:08:52,39.268528,37.217914,snow,22.6,20.7,25.4,snow,38.4,229,62.1,1016.5,25.2,66,7.2,snow_covered,0.894
WOB-241370,2025-04-24 04:37:00,39.56858,37.174569,clear,5.8,2.1,0,none,74.4,54,59.2,985.5,16.6,52,8.7,snow_covered,0.356
WOB-109870,2025-05-24 12:15:16,39.256952,37.171887,wind,-4.9,-8.7,0,none,75.2,221,26.2,990.6,24.1,90,3.4,wet,0.095
WOB-973257,2025-03-21 11:06:47,39.32007,36.856471,fog,13.0,9.2,0,none,76.4,180,55.9,988.9,26.1,53,1.1,icy,0.609
WOB-321521,2025-02-12 13:34:27,39.492802,37.136332,clear,-5.6,-9.0,0,none,67.1,269,88.2,1015.5,19.6,74,0.6,wet,0.698
WOB-617736,2025-01-23 08:28:47,39.658166,37.185801,clear,15.0,13.3,0,none,34.1,178,35.1,1014.2,5.6,49,2.4,wet,0.422
WOB-138410,2025-01-24 15:43:50,39.681398,36.945246,snow,20.7,19.6,15.8,snow,21.4,23,44.8,1010.1,2.2,60,7.4,icy,0.75
WOB-960177,2025-03-14 09:38:55,39.509533,36.999745,cloudy,7.1,5.4,0,none,33.7,120,74.4,1025.9,16.7,15,1.7,icy,0.999
WOB-948006,2025-02-12 13:08:54,39.562254,36.892476,rain,28.9,28.5,26.8,rain,8.5,139,25.6,1010.0,22.3,41,6.1,dry,0.629
WOB-211457,2025-06-13 22:51:49,39.788873,37.369208,rain,31.6,28.0,26.0,rain,71.8,93,76.5,1000.3,1.6,89,6.0,wet,0.571
WOB-433802,2025-02-20 22:54:29,39.414805,36.858601,cloudy,26.2,24.0,0,none,44.4,119,27.5,999.5,23.4,77,2.7,snow_covered,0.598
WOB-829560,2025-04-12 11:30:38,39.596887,37.002605,fog,-7.7,-10.1,0,none,47.0,338,44.5,1024.1,17.6,59,1.5,icy,0.915
WOB-583291,2025-01-07 11:38:43,39.537442,37.249555,fog,33.3,30.5,0,none,56.2,247,70.9,1024.6,10.2,97,10.2,snow_covered,0.4
WOB-574817,2025-01-13 17:59:41,39.239926,36.923717,fog,13.5,9.8,0,none,74.7,14,58.3,986.8,14.6,28,7.8,dry,0.706
WOB-383506,2025-02-05 06:04:15,39.383378,37.190274,wind,-1.5,-4.9,0,none,68.1,48,75.1,1006.3,23.9,92,2.5,dry,0.412
WOB-670716,2025-06-27 09:55:06,39.34738,37.240112,snow,5.6,5.2,27.1,snow,7.5,51,71.9,995.5,8.4,37,8.4,icy,0.155
WOB-107678,2025-05-10 23:49:10,39.21849,37.215876,cloudy,30.4,27.4,0,none,60.3,357,68.1,1002.0,10.9,11,1.3,snow_covered,0.657
WOB-423935,2025-03-07 13:33:55,39.449917,36.964379,fog,30.1,29.0,0,none,22.8,253,48.1,1011.0,18.8,8,9.9,snow_covered,0.039
WOB-633275,2025-03-02 15:34:47,39.698491,36.880541,rain,39.5,37.0,20.5,rain,49.9,91,50.8,983.8,27.1,99,0.8,wet,0.318
WOB-764978,2025-03-04 07:05:39,39.569902,36.908743,fog,19.7,19.0,0,none,14.0,89,39.3,999.1,11.8,74,7.3,snow_covered,0.6
WOB-362194,2025-05-31 19:28:31,39.300729,37.008184,cloudy,16.9,16.5,0,none,7.5,47,86.8,1011.3,16.5,96,2.1,dry,0.836
WOB-256024,2025-06-04 05:52:43,39.338297,37.276395,cloudy,4.0,1.5,0,none,50.5,150,20.2,1001.2,5.7,95,2.1,snow_covered,0.191
WOB-318824,2025-06-06 18:00:54,39.379945,37.110435,fog,1.5,0.5,0,none,19.1,241,49.7,1027.0,22.3,48,4.8,icy,0.732
WOB-502358,2025-04-09 20:11:41,39.460795,37.285024,rain,-1.2,-3.5,7.5,rain,45.0,317,95.6,1007.7,10.6,57,3.0,icy,0.821
WOB-946159,2025-01-05 11:10:14,39.546571,37.008438,fog,21.7,18.0,0,none,74.9,318,99.1,1010.4,26.4,61,9.3,dry,0.249
WOB-980286,2025-03-25 03:35:29,39.684001,37.163029,snow,4.2,1.8,6.3,snow,48.1,240,52.4,982.2,14.0,70,5.8,dry,0.038
WOB-322577,2025-04-26 04:32:13,39.678902,37.004134,cloudy,17.5,13.7,0,none,76.0,140,98.9,1017.0,18.5,51,7.3,snow_covered,0.43
WOB-994804,2025-04-25 15:08:19,39.523336,37.147634,snow,-9.2,-11.0,21.0,snow,36.6,328,21.8,1023.2,25.7,74,0.6,icy,0.621
WOB-850596,2025-06-26 14:26:56,39.249221,36.81579,cloudy,29.9,28.9,0,none,20.9,229,28.2,999.6,25.0,53,4.8,icy,0.0
WOB-794352,2025-03-08 00:29:12,39.245944,37.236783,snow,37.2,35.7,20.6,snow,30.7,149,40.9,1024.3,20.7,26,3.1,wet,0.97
WOB-391754,2025-03-13 16:42:44,39.566418,37.183797,snow,18.8,15.3,9.8,snow,70.6,165,80.8,980.8,10.4,52,4.5,wet,0.484
WOB-934042,2025-03-02 14:44:37,39.227337,37.294894,wind,35.1,31.5,0,none,72.1,287,54.8,1003.6,21.2,75,1.8,icy,0.802
WOB-815641,2025-01-25 09:36:49,39.380398,36.819976,cloudy,6.5,2.6,0,none,78.4,123,63.1,1023.6,30.0,54,8.2,snow_covered,0.875
WOB-642430,2025-02-28 16:05:00,39.508497,37.273751,wind,10.6,7.6,0,none,60.5,331,43.0,992.2,22.6,71,9.5,snow_covered,0.196
WOB-901245,2025-04-10 16:47:13,39.410476,36.811367,clear,-8.9,-9.2,0,none,6.4,72,55.1,1008.9,18.2,10,10.6,wet,0.002
WOB-581995,2025-02-27 07:53:13,39.58562,37.102229,rain,-2.6,-5.4,26.0,rain,56.6,179,61.9,1017.9,1.9,27,4.3,snow_covered,0.147
WOB-522540,2025-02-07 23:31:03,39.648415,36.929379,rain,24.0,21.6,6.3,rain,47.6,260,82.5,998.9,22.3,31,2.6,dry,0.674
WOB-983123,2025-01-30 11:33:48,39.317706,37.02247,wind,11.1,9.2,0,none,38.1,24,55.9,991.0,4.2,57,3.3,icy,0.461
WOB-566088,2025-06-22 07:43:14,39.456805,37.205121,cloudy,9.4,5.6,0,none,75.5,275,45.1,982.1,18.6,70,10.1,snow_covered,0.814
WOB-399116,2025-02-21 16:49:53,39.670134,37.379713,rain,20.7,18.1,20.5,rain,52.0,257,77.0,986.9,10.9,24,4.9,snow_covered,0.787
WOB-684657,2025-06-20 18:36:15,39.695496,36.816498,cloudy,13.8,11.9,0,none,37.3,243,42.5,993.3,4.9,61,4.6,icy,0.081
WOB-903765,2025-04-27 03:09:46,39.467091,36.919833,clear,-6.2,-9.2,0,none,60.4,106,72.1,990.4,18.8,7,8.7,dry,0.571
WOB-881047,2025-02-24 04:28:13,39.643085,37.277785,rain,9.9,9.3,21.8,rain,12.0,148,77.8,997.2,16.0,42,7.2,snow_covered,0.365
WOB-133440,2025-03-08 15:37:57,39.772299,37.348273,wind,-3.5,-5.1,0,none,32.9,323,74.7,1025.8,23.0,4,2.9,dry,0.855
WOB-890064,2025-04-22 01:16:52,39.642118,36.842084,wind,2.3,1.1,0,none,24.6,340,48.9,1001.1,2.8,88,8.4,snow_covered,0.834
WOB-390121,2025-01-16 20:27:25,39.252058,36.861081,rain,15.1,13.3,22.5,rain,35.8,205,54.1,995.6,9.5,57,4.7,dry,0.511
WOB-868687,2025-05-29 15:01:58,39.588746,37.106673,wind,-10.0,-12.9,0,none,57.6,298,52.9,1013.6,25.8,49,6.0,wet,0.708
WOB-117590,2025-01-04 07:44:21,39.644224,37.227209,rain,10.2,7.9,29.3,rain,46.9,269,71.4,983.4,21.7,89,2.6,wet,0.004
WOB-978891,2025-02-05 07:06:02,39.544551,36.911561,snow,35.4,34.1,25.7,snow,25.2,246,74.4,1011.2,13.0,19,0.7,dry,0.355
WOB-355470,2025-02-12 05:56:40,39.725402,37.11916,snow,-8.4,-10.2,14.5,snow,36.1,109,64.1,1021.9,8.0,93,8.1,icy,0.168
WOB-375204,2025-03-30 15:25:09,39.379539,36.981467,cloudy,-9.9,-11.2,0,none,26.2,144,28.2,1026.5,22.5,86,1.8,wet,0.783
WOB-833669,2025-04-04 14:55:38,39.587084,37.302982,clear,16.9,13.9,0,none,59.8,208,53.1,1026.3,26.0,61,3.3,wet,0.09
WOB-639090,2025-02-09 18:38:19,39.751204,36.845813,wind,-0.6,-1.2,0,none,11.3,191,35.6,1025.0,29.1,98,3.5,dry,0.349
WOB-731575,2025-05-02 00:44:01,39.761399,37.265492,rain,21.9,19.9,20.8,rain,39.1,167,47.5,1011.1,18.8,73,5.7,dry,0.917
WOB-215974,2025-04-18 19:49:47,39.787524,36.998175,fog,32.0,28.1,0,none,77.8,192,56.9,1017.9,5.7,68,2.3,dry,0.588
WOB-143046,2025-03-02 15:35:35,39.519496,37.372756,clear,17.4,14.5,0,none,57.3,28,99.4,1028.0,2.4,33,9.5,wet,0.259
WOB-487947,2025-05-17 20:54:30,39.56402,37.289858,rain,35.7,33.3,3.1,rain,48.7,294,57.1,1022.1,29.4,6,9.2,dry,0.173
WOB-410087,2025-04-11 06:07:21,39.388637,37.083309,cloudy,4.8,0.8,0,none,79.2,205,27.0,992.5,10.3,82,3.9,wet,0.849
WOB-571628,2025-01-13 10:32:16,39.392437,36.823395,clear,30.4,29.2,0,none,23.7,225,62.6,1013.6,3.4,6,6.8,snow_covered,0.361
WOB-348911,2025-04-17 20:39:47,39.381848,37.260832,rain,12.8,10.0,22.2,rain,56.6,156,46.0,1024.3,4.0,71,8.2,wet,0.598
WOB-537231,2025-01-20 08:01:13,39.284815,37.363256,fog,3.3,2.7,0,none,12.2,157,74.8,1026.7,27.6,13,0.3,dry,0.918
WOB-890369,2025-05-26 12:55:31,39.429467,37.18443,wind,20.8,20.7,0,none,1.4,359,78.1,1011.8,5.2,32,1.5,dry,0.404
WOB-949925,2025-01-28 16:57:00,39.450442,37.102075,cloudy,-2.4,-2.7,0,none,6.7,255,48.5,1011.9,5.5,100,4.2,snow_covered,0.955
WOB-104070,2025-01-07 04:01:59,39.517447,37.178856,snow,18.6,18.3,28.0,snow,6.9,5,47.6,991.5,20.0,81,7.0,icy,0.492
WOB-131987,2025-05-28 20:09:07,39.279602,37.176378,clear,25.2,24.6,0,none,12.6,23,96.8,1013.1,27.4,34,6.1,snow_covered,0.735
WOB-409583,2025-02-19 14:08:19,39.683037,37.133901,clear,-2.8,-4.2,0,none,28.0,171,34.9,1015.9,1.8,86,11.0,dry,0.706
WOB-130073,2025-01-29 21:01:34,39.748117,37.368635,snow,-9.2,-10.3,11.4,snow,23.0,88,83.3,1021.6,8.2,53,8.6,icy,0.886
WOB-143681,2025-02-21 09:57:08,39.470693,37.282786,wind,39.0,35.1,0,none,77.3,296,21.9,1023.5,19.2,93,6.4,icy,0.436
WOB-241072,2025-05-14 19:25:48,39.355751,36.821166,snow,6.5,4.8,25.2,snow,34.5,112,61.2,1004.6,15.5,65,4.9,snow_covered,0.348
WOB-508266,2025-05-16 15:27:10,39.789522,37.385988,fog,31.5,31.2,0,none,5.9,337,96.7,1000.8,4.3,17,9.3,dry,0.885
WOB-605407,2025-01-20 05:15:14,39.679619,37.320882,fog,9.1,5.4,0,none,73.8,301,42.2,1017.7,27.1,10,8.3,dry,0.214
WOB-646366,2025-01-04 11:43:02,39.324389,36.872752,wind,26.5,23.1,0,none,68.5,300,83.8,1018.3,22.0,71,1.9,icy,0.308
WOB-344694,2025-04-25 15:30:15,39.626779,36.873221,snow,30.4,26.6,21.9,snow,76.6,157,55.2,1008.0,17.9,11,10.5,snow_covered,0.474
WOB-512974,2025-05-05 10:46:26,39.233777,37.13864,wind,1.1,-1.5,0,none,52.6,252,20.6,1007.8,26.0,97,5.7,snow_covered,0.835
WOB-795764,2025-03-06 15:58:03,39.427999,37.196498,fog,34.5,33.0,0,none,29.4,339,62.8,989.3,26.6,67,10.0,dry,0.76
WOB-459502,2025-01-22 18:17:11,39.516165,36.892557,rain,0.5,-1.5,13.1,rain,40.8,218,62.8,994.9,28.3,54,5.3,snow_covered,0.639
WOB-381858,2025-04-08 19:16:08,39.211083,37.369454,rain,6.2,4.3,16.5,rain,38.4,143,66.0,1021.5,14.5,18,0.9,icy,0.636
WOB-266346,2025-01-17 00:14:14,39.762577,36.993426,rain,24.2,21.8,21.3,rain,48.0,257,76.0,1004.4,16.4,58,10.6,dry,0.967
WOB-264091,2025-01-13 17:59:09,39.623452,36.97468,fog,9.3,5.8,0,none,71.0,219,55.5,1018.0,25.3,83,1.3,snow_covered,0.424
WOB-772479,2025-03-07 05:33:34,39.334412,37.167877,rain,29.4,28.0,2.2,rain,28.7,223,44.9,985.6,12.4,67,6.6,wet,0.935
